invoice_id,flagged,error_category,expected_total_cents,billed_total_cents,confidence
INV-H1-000001,0,,2475525,2475525,0.95
INV-H1-000002,1,service_date_after_invoice_date,2588836,2588836,0.9
INV-H1-000003,0,,5777580,5777580,0.95
INV-H1-000004,1,unit_price_mismatch|volume_discount_incorrectly_applied,924200,1260398,0.75
INV-H1-000005,0,,573375,573375,0.95
INV-H1-000006,0,,1746150,1746150,0.95
INV-H1-000007,0,,2958400,2958400,0.95
INV-H1-000008,0,,798790,798790,0.95
INV-H1-000009,0,,2637550,2637550,0.95
INV-H1-000010,0,,2276950,2276950,0.95
INV-H1-000011,0,,2533435,2533435,0.95
INV-H1-000012,0,,901100,901100,0.95
INV-H1-000013,0,,5857340,5857340,0.95
INV-H1-000014,0,,1635750,1635750,0.95
INV-H1-000015,1,daily_cap_exceeded,1210600,1284475,0.9
INV-H1-000016,0,,1468550,1468550,0.95
INV-H1-000017,0,,2482025,2482025,0.95
INV-H1-000018,0,,3884375,3884375,0.95
INV-H1-000019,0,,4591275,4591275,0.95
INV-H1-000020,0,,3303760,3303760,0.95
INV-H1-000021,0,,3327025,3327025,0.95
INV-H1-000022,0,,1347525,1347525,0.95
INV-H1-000023,0,,2197875,2197875,0.95
INV-H1-000024,0,,1939625,1939625,0.95
INV-H1-000025,0,,2658350,2658350,0.95
INV-H1-000026,0,,1030950,1030950,0.95
INV-H1-000027,0,,1326550,1326550,0.95
INV-H1-000028,0,,3658525,3658525,0.95
INV-H1-000029,0,,2568375,2568375,0.95
INV-H1-000030,0,,651525,651525,0.95
INV-H1-000031,0,,4818309,4818309,0.95
INV-H1-000032,0,,5775993,5775993,0.95
INV-H1-000033,0,,4719600,4719600,0.95
INV-H1-000034,0,,3784280,3784280,0.95
INV-H1-000035,0,,2663790,2663790,0.95
INV-H1-000036,1,malformed_service_date|unknown_service,2836375,2836375,0.35
INV-H1-000037,0,,2519775,2519775,0.95
INV-H1-000038,0,,5555200,5555200,0.95
INV-H1-000039,0,,1526450,1526450,0.95
INV-H1-000040,0,,2436525,2436525,0.95
INV-H1-000041,0,,1860775,1860775,0.95
INV-H1-000042,0,,5287775,5287775,0.95
INV-H1-000043,0,,3035675,3035675,0.95
INV-H1-000044,0,,2903025,2903025,0.95
INV-H1-000045,0,,3413000,3413000,0.95
INV-H1-000046,0,,2468085,2468085,0.95
INV-H1-000047,0,,716400,716400,0.95
INV-H1-000048,0,,1133650,1133650,0.95
INV-H1-000049,1,daily_cap_exceeded|premium_incorrectly_applied,2732035,2866210,0.75
INV-H1-000050,0,,3415025,3415025,0.95
INV-H1-000051,0,,1504500,1504500,0.95
INV-H1-000052,0,,5011000,5011000,0.95
INV-H1-000053,0,,4593070,4593070,0.95
INV-H1-000054,0,,735320,735320,0.95
INV-H1-000055,0,,2246625,2246625,0.95
INV-H1-000056,0,,4406950,4406950,0.95
INV-H1-000057,0,,5416708,5416708,0.95
INV-H1-000058,0,,6086853,6086853,0.95
INV-H1-000059,0,,2717295,2717295,0.95
INV-H1-000060,0,,4774375,4774375,0.95
INV-H1-000061,0,,3528885,3528885,0.95
INV-H1-000062,0,,2191605,2191605,0.95
INV-H1-000063,0,,4216210,4216210,0.95
INV-H1-000064,0,,2719375,2719375,0.95
INV-H1-000065,0,,4163140,4163140,0.95
INV-H1-000066,0,,2090085,2090085,0.95
INV-H1-000067,0,,3920858,3920858,0.95
INV-H1-000068,1,duplicate_invoice_id,2182165,2182165,0.55
INV-H1-000069,1,malformed_service_date|line_total_arithmetic|invoice_total_mismatch,1703845,1712345,0.55
INV-H1-000070,0,,3435390,3435390,0.95
INV-H1-000071,0,,4095286,4095286,0.95
INV-H1-000072,1,service_date_after_invoice_date|unit_price_mismatch,978225,1094973,0.75
INV-H1-000073,0,,998330,998330,0.95
INV-H1-000074,0,,2893525,2893525,0.95
INV-H1-000075,0,,6543958,6543958,0.95
INV-H1-000076,0,,5202589,5202589,0.95
INV-H1-000077,0,,2125563,2125563,0.95
INV-H1-000078,0,,4555925,4555925,0.95
INV-H1-000079,0,,917295,917295,0.95
INV-H1-000080,0,,1774490,1774490,0.95
INV-H1-000081,0,,2222295,2222295,0.95
INV-H1-000082,0,,3250327,3250327,0.95
INV-H1-000083,0,,1732620,1732620,0.95
INV-H1-000084,0,,1691000,1691000,0.95
INV-H1-000085,0,,2377573,2377573,0.95
INV-H1-000086,0,,2623517,2623517,0.95
INV-H1-000087,0,,3649802,3649802,0.95
INV-H1-000088,0,,2198135,2198135,0.95
INV-H1-000089,0,,5768078,5768078,0.95
INV-H1-000090,0,,5789172,5789172,0.95
INV-H1-000091,0,,4143318,4143318,0.95
INV-H1-000092,0,,4326055,4326055,0.95
INV-H1-000093,0,,1480030,1480030,0.95
INV-H1-000094,0,,6420201,6420201,0.95
INV-H1-000095,0,,3862246,3862246,0.95
INV-H1-000096,0,,3535769,3535769,0.95
INV-H1-000097,0,,1908619,1908619,0.95
INV-H1-000098,0,,1485218,1485218,0.95
INV-H1-000099,0,,2059682,2059682,0.95
INV-H1-000100,0,,2752722,2752722,0.95
INV-H1-000101,0,,1653025,1653025,0.95
INV-H1-000102,1,unit_price_mismatch|volume_discount_incorrectly_applied,2663314,2736250,0.75
INV-H1-000103,0,,1299446,1299446,0.95
INV-H1-000104,0,,4209755,4209755,0.95
INV-H1-000105,0,,803700,803700,0.95
INV-H1-000106,0,,4038195,4038195,0.95
INV-H1-000107,0,,2969100,2969100,0.95
INV-H1-000108,0,,1088200,1088200,0.95
INV-H1-000109,0,,4890475,4890475,0.95
INV-H1-000110,0,,4316920,4316920,0.95
INV-H1-000111,0,,3071279,3071279,0.95
INV-H1-000112,0,,1462370,1462370,0.95
INV-H1-000113,0,,2172980,2172980,0.95
INV-H1-000114,0,,1878330,1878330,0.95
INV-H1-000115,0,,3220280,3220280,0.95
INV-H1-000116,0,,2979088,2979088,0.95
INV-H1-000117,0,,1754196,1754196,0.95
INV-H1-000118,0,,2313500,2313500,0.95
INV-H1-000119,0,,4726611,4726611,0.95
INV-H1-000120,0,,1120950,1120950,0.95
INV-H1-000121,0,,3190886,3190886,0.95
INV-H1-000122,0,,1717175,1717175,0.95
INV-H1-000123,0,,6219545,6219545,0.95
INV-H1-000124,0,,3563879,3563879,0.95
INV-H1-000125,0,,3707573,3707573,0.95
INV-H1-000126,0,,2743654,2743654,0.95
INV-H1-000127,0,,3450277,3450277,0.95
INV-H1-000128,0,,3552483,3552483,0.95
INV-H1-000129,0,,1630054,1630054,0.95
INV-H1-000130,0,,5103553,5103553,0.95
INV-H1-000131,0,,952625,952625,0.95
INV-H1-000132,1,bundle_not_applied|unit_price_mismatch|unknown_service,2454583,2536783,0.35
INV-H1-000133,0,,1524655,1524655,0.95
INV-H1-000134,0,,4346902,4346902,0.95
INV-H1-000135,0,,2124065,2124065,0.95
INV-H1-000136,0,,2295200,2295200,0.95
INV-H1-000137,0,,5091453,5091453,0.95
INV-H1-000138,0,,3902623,3902623,0.95
INV-H1-000139,0,,2570288,2570288,0.95
INV-H1-000140,0,,1375954,1375954,0.95
INV-H1-000141,0,,2651411,2651411,0.95
INV-H1-000142,0,,2105775,2105775,0.95
INV-H1-000143,0,,3916797,3916797,0.95
INV-H1-000144,0,,5591925,5591925,0.95
INV-H1-000145,0,,3707925,3707925,0.95
INV-H1-000146,0,,2709500,2709500,0.95
INV-H1-000147,0,,2235997,2235997,0.95
INV-H1-000148,1,service_date_out_of_window,1322429,1322429,0.9
INV-H1-000149,0,,1367397,1367397,0.95
INV-H1-000150,0,,4188767,4188767,0.95
INV-H1-000151,1,volume_discount_incorrectly_applied,2141048,2953392,0.8
INV-H1-000152,1,contract_number_mismatch|duplicate_invoice_id,1322245,1322245,0.55
INV-H1-000153,0,,4539542,4539542,0.95
INV-H1-000154,0,,2210575,2210575,0.95
INV-H1-000156,0,,3777759,3777759,0.95
INV-H1-000157,0,,2645175,2645175,0.95
INV-H1-000158,0,,3821275,3821275,0.95
INV-H1-000159,0,,2987202,2987202,0.95
INV-H1-000160,0,,3094372,3094372,0.95
INV-H1-000161,0,,4172207,4172207,0.95
INV-H1-000162,0,,3728407,3728407,0.95
INV-H1-000163,0,,1275816,1275816,0.95
INV-H1-000164,0,,4678900,4678900,0.95
INV-H1-000165,0,,2989711,2989711,0.95
INV-H1-000166,0,,2630702,2630702,0.95
INV-H1-000167,0,,4403102,4403102,0.95
INV-H1-000168,0,,1048375,1048375,0.95
INV-H1-000169,0,,3072015,3072015,0.95
INV-H1-000170,0,,3948137,3948137,0.95
INV-H1-000171,0,,1489231,1489231,0.95
INV-H1-000172,0,,4389721,4389721,0.95
INV-H1-000173,0,,2077822,2077822,0.95
INV-H1-000174,0,,2182558,2182558,0.95
INV-H1-000175,0,,3583250,3583250,0.95
INV-H1-000176,0,,878150,878150,0.95
INV-H1-000177,0,,3040275,3040275,0.95
INV-H1-000178,0,,1634893,1634893,0.95
INV-H1-000179,1,service_date_out_of_window|service_date_after_invoice_date|unknown_service,2029698,2029698,0.35
INV-H1-000180,0,,2668790,2668790,0.95
INV-H1-000181,0,,3427391,3427391,0.95
INV-H1-000182,0,,3604488,3604488,0.95
INV-H1-000183,0,,2300536,2300536,0.95
INV-H1-000184,0,,1557865,1557865,0.95
INV-H1-000185,0,,1699725,1699725,0.95
INV-H1-000186,1,line_total_arithmetic|volume_discount_incorrectly_applied,1959233,1980198,0.75
INV-H1-000187,0,,4412373,4412373,0.95
INV-H1-000188,0,,4634848,4634848,0.95
INV-H1-000190,0,,1525575,1525575,0.95
INV-H1-000191,0,,1850955,1850955,0.95
INV-H1-000192,0,,2836106,2836106,0.95
INV-H1-000193,0,,1199225,1199225,0.95
INV-H1-000194,0,,3257237,3257237,0.95
INV-H1-000195,0,,1936050,1936050,0.95
INV-H1-000196,0,,4653710,4653710,0.95
INV-H1-000197,0,,4641876,4641876,0.95
INV-H1-000198,0,,1574800,1574800,0.95
INV-H1-000199,0,,3109476,3109476,0.95
INV-H1-000200,0,,391940,391940,0.95
INV-H1-000201,1,bundle_not_applied|unit_price_mismatch|contract_number_mismatch,2958995,3064595,0.75
INV-H1-000202,0,,1151081,1151081,0.95
INV-H1-000203,0,,1769315,1769315,0.95
INV-H1-000204,0,,5363858,5363858,0.95
INV-H1-000205,0,,2828080,2828080,0.95
INV-H1-000206,0,,3922525,3922525,0.95
INV-H1-000207,0,,4418544,4418544,0.95
INV-H1-000208,0,,4283675,4283675,0.95
INV-H1-000209,0,,2770297,2770297,0.95
INV-H1-000210,0,,2813386,2813386,0.95
INV-H1-000211,1,wrong_unit_basis|exclusion_violation,1471325,1567925,0.75
INV-H1-000212,0,,3871775,3871775,0.95
INV-H1-000213,0,,2113488,2113488,0.95
INV-H1-000214,0,,1083650,1083650,0.95
INV-H1-000215,0,,5373340,5373340,0.95
INV-H1-000216,0,,848096,848096,0.95
INV-H1-000217,0,,1552154,1552154,0.95
INV-H1-000218,0,,4270306,4270306,0.95
INV-H1-000219,1,malformed_service_date|volume_discount_incorrectly_applied|unknown_service,2761823,2759133,0.35
INV-H1-000220,0,,3949434,3949434,0.95
INV-H1-000221,0,,3481583,3481583,0.95
INV-H1-000222,0,,1394560,1394560,0.95
INV-H1-000223,0,,2992640,2992640,0.95
INV-H1-000224,0,,2144177,2144177,0.95
INV-H1-000225,0,,1912774,1912774,0.95
INV-H1-000226,0,,3052975,3052975,0.95
INV-H1-000227,1,daily_cap_exceeded|invoice_total_mismatch,5375775,5492725,0.75
INV-H1-000228,0,,5703033,5703033,0.95
INV-H1-000229,0,,3209175,3209175,0.95
INV-H1-000230,0,,4288169,4288169,0.95
INV-H1-000231,1,cross_invoice_duplicate,1857000,1991725,0.9
INV-H1-000232,0,,1776500,1776500,0.95
INV-H1-000233,0,,1342604,1342604,0.95
INV-H1-000234,0,,3237598,3237598,0.95
INV-H1-000235,0,,2869701,2869701,0.95
INV-H1-000236,1,wrong_unit_basis|unit_price_mismatch|weekend_uplift_omitted,1474650,1420000,0.75
INV-H1-000237,0,,1737059,1737059,0.95
INV-H1-000238,0,,2497748,2497748,0.95
INV-H1-000239,0,,5281118,5281118,0.95
INV-H1-000240,0,,4511850,4511850,0.95
INV-H1-000241,0,,977296,977296,0.95
INV-H1-000242,0,,4382326,4382326,0.95
INV-H1-000243,0,,1323865,1323865,0.95
INV-H1-000244,0,,2047736,2047736,0.95
INV-H1-000245,0,,1082990,1082990,0.95
INV-H1-000246,0,,5672351,5672351,0.95
INV-H1-000247,0,,2600025,2600025,0.95
INV-H1-000248,0,,544710,544710,0.95
INV-H1-000249,0,,3013610,3013610,0.95
INV-H1-000250,0,,4872236,4872236,0.95
INV-H1-000251,0,,3053898,3053898,0.95
INV-H1-000252,0,,863125,863125,0.95
INV-H1-000253,0,,4520236,4520236,0.95
INV-H1-000254,0,,3814367,3814367,0.95
INV-H1-000255,0,,2420053,2420053,0.95
INV-H1-000256,0,,3513900,3513900,0.95
INV-H1-000257,1,wrong_unit_basis|line_total_arithmetic,2633795,2641295,0.75
INV-H1-000258,0,,1460663,1460663,0.95
INV-H1-000259,0,,3960786,3960786,0.95
INV-H1-000260,0,,2665371,2665371,0.95
INV-H1-000261,0,,4458808,4458808,0.95
INV-H1-000262,0,,4999710,4999710,0.95
INV-H1-000263,0,,2241675,2241675,0.95
INV-H1-000264,0,,3573037,3573037,0.95
INV-H1-000265,0,,1725938,1725938,0.95
INV-H1-000266,0,,2910707,2910707,0.95
INV-H1-000267,0,,2559275,2559275,0.95
INV-H1-000268,0,,2917243,2917243,0.95
INV-H1-000269,0,,3835498,3835498,0.95
INV-H1-000270,0,,4244547,4244547,0.95
INV-H1-000271,1,bundle_not_applied|unit_price_mismatch,5043791,5139791,0.75
INV-H1-000272,0,,1597704,1597704,0.95
INV-H1-000273,0,,1306725,1306725,0.95
INV-H1-000274,1,service_date_after_invoice_date,4830260,4830260,0.9
INV-H1-000275,0,,1307228,1307228,0.95
INV-H1-000276,0,,1799385,1799385,0.95
INV-H1-000277,0,,3327275,3327275,0.95
INV-H1-000278,0,,2961500,2961500,0.95
INV-H1-000279,0,,6811727,6811727,0.95
INV-H1-000280,0,,610500,610500,0.95
INV-H1-000281,1,malformed_service_date|premium_incorrectly_applied|invoice_total_mismatch,5722583,5732823,0.55
INV-H1-000282,0,,4099094,4099094,0.95
INV-H1-000283,1,invoice_total_mismatch|contract_number_mismatch,1906268,1881268,0.75
INV-H1-000284,0,,4714099,4714099,0.95
INV-H1-000285,0,,2413988,2413988,0.95
INV-H1-000286,0,,1729332,1729332,0.95
INV-H1-000287,0,,6027372,6027372,0.95
INV-H1-000288,0,,2537184,2537184,0.95
INV-H1-000289,0,,3937921,3937921,0.95
INV-H1-000290,0,,2638495,2638495,0.95
INV-H1-000291,0,,1087125,1087125,0.95
INV-H1-000292,0,,5170138,5170138,0.95
INV-H1-000293,0,,1998575,1998575,0.95
INV-H1-000294,0,,3254027,3254027,0.95
INV-H1-000295,0,,2470884,2470884,0.95
INV-H1-000296,0,,1028250,1028250,0.95
INV-H1-000297,0,,3733404,3733404,0.95
INV-H1-000298,0,,4323122,4323122,0.95
INV-H1-000299,0,,1765725,1765725,0.95
INV-H1-000300,0,,5214349,5214349,0.95
INV-H1-000301,0,,3120395,3120395,0.95
INV-H1-000302,0,,2047225,2047225,0.95
INV-H1-000303,0,,1755545,1755545,0.95
INV-H1-000304,1,premium_incorrectly_applied|volume_discount_omitted|unknown_service,1792655,1878062,0.35
INV-H1-000305,0,,3792595,3792595,0.95
INV-H1-000306,0,,1378286,1378286,0.95
INV-H1-000307,0,,4566413,4566413,0.95
INV-H1-000308,0,,2262777,2262777,0.95
INV-H1-000309,0,,3586962,3586962,0.95
INV-H1-000310,0,,2067950,2067950,0.95
INV-H1-000311,0,,5054797,5054797,0.95
INV-H1-000312,0,,3271467,3271467,0.95
INV-H1-000313,0,,2000710,2000710,0.95
INV-H1-000314,0,,1964300,1964300,0.95
INV-H1-000315,0,,2377226,2377226,0.95
INV-H1-000316,0,,3615350,3615350,0.95
INV-H1-000317,0,,3938225,3938225,0.95
INV-H1-000318,0,,2883937,2883937,0.95
INV-H1-000319,0,,1087921,1087921,0.95
INV-H1-000320,0,,3917514,3917514,0.95
INV-H1-000321,0,,1654264,1654264,0.95
INV-H1-000322,0,,5109300,5109300,0.95
INV-H1-000323,0,,3047421,3047421,0.95
INV-H1-000324,0,,2108575,2108575,0.95
INV-H1-000325,0,,536860,536860,0.95
INV-H1-000326,0,,4087586,4087586,0.95
INV-H1-000327,0,,2505119,2505119,0.95
INV-H1-000328,0,,1134870,1134870,0.95
INV-H1-000329,0,,3910743,3910743,0.95
INV-H1-000330,0,,2678730,2678730,0.95
INV-H1-000331,0,,3391248,3391248,0.95
INV-H1-000332,0,,2651838,2651838,0.95
INV-H1-000333,0,,1720900,1720900,0.95
INV-H1-000334,0,,3936038,3936038,0.95
INV-H1-000335,0,,3255685,3255685,0.95
INV-H1-000336,0,,6942726,6942726,0.95
INV-H1-000337,0,,2136588,2136588,0.95
INV-H1-000338,0,,2344149,2344149,0.95
INV-H1-000339,0,,3912969,3912969,0.95
INV-H1-000340,0,,576905,576905,0.95
INV-H1-000341,0,,4071914,4071914,0.95
INV-H1-000342,0,,1577666,1577666,0.95
INV-H1-000343,0,,3194404,3194404,0.95
INV-H1-000344,0,,1373305,1373305,0.95
INV-H1-000345,0,,4950257,4950257,0.95
INV-H1-000346,0,,3645988,3645988,0.95
INV-H1-000347,0,,1686851,1686851,0.95
INV-H1-000348,1,premium_omitted|unknown_service,4433213,4415338,0.35
INV-H1-000349,0,,3901242,3901242,0.95
INV-H1-000350,0,,3941391,3941391,0.95
INV-H1-000351,0,,2695558,2695558,0.95
INV-H1-000352,1,premium_incorrectly_applied|invoice_total_mismatch,1772000,1971430,0.75
INV-H1-000353,0,,4603398,4603398,0.95
INV-H1-000354,0,,1285121,1285121,0.95
INV-H1-000355,0,,2311350,2311350,0.95
INV-H1-000356,0,,1688485,1688485,0.95
INV-H1-000357,0,,2148982,2148982,0.95
INV-H1-000358,0,,1266351,1266351,0.95
INV-H1-000359,0,,1190493,1190493,0.95
INV-H1-000360,0,,1356858,1356858,0.95
INV-H1-000361,0,,5582221,5582221,0.95
INV-H1-000362,1,unit_price_mismatch|premium_incorrectly_applied,2585375,2702627,0.75
INV-H1-000363,0,,4940256,4940256,0.95
INV-H1-000364,0,,2135850,2135850,0.95
INV-H1-000365,0,,851758,851758,0.95
INV-H1-000366,0,,3533188,3533188,0.95
INV-H1-000367,0,,5712533,5712533,0.95
INV-H1-000368,0,,2639691,2639691,0.95
INV-H1-000369,1,wrong_unit_basis|unknown_service,5369613,5369613,0.35
INV-H1-000370,0,,5129544,5129544,0.95
INV-H1-000371,0,,4868595,4868595,0.95
INV-H1-000372,0,,2622700,2622700,0.95
INV-H1-000373,0,,4111730,4111730,0.95
INV-H1-000374,0,,2654366,2654366,0.95
INV-H1-000375,0,,2522051,2522051,0.95
INV-H1-000376,0,,1924073,1924073,0.95
INV-H1-000377,0,,1769400,1769400,0.95
INV-H1-000378,0,,4478725,4478725,0.95
INV-H1-000379,0,,1597325,1597325,0.95
INV-H1-000380,0,,2229670,2229670,0.95
INV-H1-000381,0,,3752825,3752825,0.95
INV-H1-000382,0,,491735,491735,0.95
INV-H1-000383,0,,4803754,4803754,0.95
INV-H1-000384,0,,2900825,2900825,0.95
INV-H1-000385,0,,5418912,5418912,0.95
INV-H1-000386,0,,993200,993200,0.95
INV-H1-000387,0,,2527815,2527815,0.95
INV-H1-000388,0,,1449822,1449822,0.95
INV-H1-000389,0,,808400,808400,0.95
INV-H1-000390,0,,3234713,3234713,0.95
INV-H1-000391,0,,1280575,1280575,0.95
INV-H1-000392,0,,1284269,1284269,0.95
INV-H1-000393,0,,1456650,1456650,0.95
INV-H1-000394,0,,3151289,3151289,0.95
INV-H1-000395,0,,2080896,2080896,0.95
INV-H1-000396,0,,3461313,3461313,0.95
INV-H1-000397,0,,545155,545155,0.95
INV-H1-000398,0,,2007470,2007470,0.95
INV-H1-000399,0,,2366250,2366250,0.95
INV-H1-000400,0,,2752565,2752565,0.95
INV-H1-000401,0,,5262007,5262007,0.95
INV-H1-000402,0,,4234035,4234035,0.95
INV-H1-000403,0,,4418733,4418733,0.95
INV-H1-000404,0,,4829725,4829725,0.95
INV-H1-000405,0,,3411350,3411350,0.95
INV-H1-000406,0,,2423583,2423583,0.95
INV-H1-000407,0,,1979738,1979738,0.95
INV-H1-000408,0,,2481807,2481807,0.95
INV-H1-000409,0,,2308621,2308621,0.95
INV-H1-000410,1,unit_price_mismatch|unknown_service,983219,971719,0.35
INV-H1-000411,0,,5180539,5180539,0.95
INV-H1-000412,0,,2080883,2080883,0.95
INV-H1-000413,0,,2339140,2339140,0.95
INV-H1-000414,0,,2722135,2722135,0.95
INV-H1-000415,0,,3968488,3968488,0.95
INV-H1-000416,0,,4179994,4179994,0.95
INV-H1-000417,0,,2093475,2093475,0.95
INV-H1-000418,0,,1869430,1869430,0.95
INV-H1-000419,0,,3815623,3815623,0.95
INV-H1-000420,0,,3323354,3323354,0.95
INV-H1-000421,0,,2719245,2719245,0.95
INV-H1-000422,0,,3506629,3506629,0.95
INV-H1-000423,0,,1024610,1024610,0.95
INV-H1-000424,0,,2025556,2025556,0.95
INV-H1-000425,0,,1800975,1800975,0.95
INV-H1-000426,0,,3325694,3325694,0.95
INV-H1-000427,0,,3572085,3572085,0.95
INV-H1-000428,0,,3561933,3561933,0.95
INV-H1-000429,1,duplicate_invoice_id,5458136,5458136,0.55
INV-H1-000430,0,,1157907,1157907,0.95
INV-H1-000431,0,,3632283,3632283,0.95
INV-H1-000432,0,,2112125,2112125,0.95
INV-H1-000433,0,,2288782,2288782,0.95
INV-H1-000434,0,,2387865,2387865,0.95
INV-H1-000435,0,,3068051,3068051,0.95
INV-H1-000436,0,,3772569,3772569,0.95
INV-H1-000437,0,,621988,621988,0.95
INV-H1-000438,0,,3797347,3797347,0.95
INV-H1-000439,0,,3233525,3233525,0.95
INV-H1-000440,0,,4267224,4267224,0.95
INV-H1-000441,0,,4280274,4280274,0.95
INV-H1-000442,0,,2907688,2907688,0.95
INV-H1-000443,0,,3348335,3348335,0.95
INV-H1-000444,0,,977472,977472,0.95
INV-H1-000445,0,,4150329,4150329,0.95
INV-H1-000446,0,,3016748,3016748,0.95
INV-H1-000447,0,,3929492,3929492,0.95
INV-H1-000448,0,,1964750,1964750,0.95
INV-H1-000449,0,,1815814,1815814,0.95
INV-H1-000450,0,,3750785,3750785,0.95
INV-H1-000451,0,,1300046,1300046,0.95
INV-H1-000452,0,,3922869,3922869,0.95
INV-H1-000453,0,,3003799,3003799,0.95
INV-H1-000454,0,,2777454,2777454,0.95
INV-H1-000455,0,,957925,957925,0.95
INV-H1-000456,0,,448050,448050,0.95
INV-H1-000457,1,wrong_unit_basis|duplicate_invoice_id,1922972,1922972,0.55
INV-H1-000458,1,volume_discount_omitted,1831611,1899303,0.9
INV-H1-000459,0,,3069167,3069167,0.95
INV-H1-000460,0,,4453748,4453748,0.95
INV-H1-000461,0,,1580476,1580476,0.95
INV-H1-000462,0,,4025065,4025065,0.95
INV-H1-000463,0,,1625250,1625250,0.95
INV-H1-000464,0,,2869875,2869875,0.95
INV-H1-000465,0,,3242265,3242265,0.95
INV-H1-000466,0,,4118773,4118773,0.95
INV-H1-000467,0,,1593117,1593117,0.95
INV-H1-000468,0,,2322788,2322788,0.95
INV-H1-000469,0,,3459640,3459640,0.95
INV-H1-000470,0,,1483021,1483021,0.95
INV-H1-000471,0,,3544700,3544700,0.95
INV-H1-000472,0,,3796850,3796850,0.95
INV-H1-000473,0,,246400,246400,0.95
INV-H1-000474,0,,4779128,4779128,0.95
INV-H1-000475,0,,5031578,5031578,0.95
INV-H1-000476,0,,2133950,2133950,0.95
INV-H1-000477,0,,5055131,5055131,0.95
INV-H1-000478,0,,2966845,2966845,0.95
INV-H1-000479,0,,1168772,1168772,0.95
INV-H1-000480,0,,1479076,1479076,0.95
INV-H1-000481,0,,1713420,1713420,0.95
INV-H1-000482,0,,4322390,4322390,0.95
INV-H1-000484,0,,3236961,3236961,0.95
INV-H1-000485,0,,3268863,3268863,0.95
INV-H1-000486,0,,2381026,2381026,0.95
INV-H1-000487,0,,4225949,4225949,0.95
INV-H1-000488,0,,2827787,2827787,0.95
INV-H1-000489,0,,2573703,2573703,0.95
INV-H1-000490,0,,4113835,4113835,0.95
INV-H1-000491,0,,5588687,5588687,0.95
INV-H1-000492,0,,3432865,3432865,0.95
INV-H1-000493,0,,2157125,2157125,0.95
INV-H1-000494,0,,3822326,3822326,0.95
INV-H1-000495,0,,4051133,4051133,0.95
INV-H1-000496,0,,2393178,2393178,0.95
INV-H1-000497,0,,2763008,2763008,0.95
INV-H1-000498,0,,2472768,2472768,0.95
INV-H1-000499,0,,1807388,1807388,0.95
INV-H1-000500,0,,1796300,1796300,0.95
INV-H1-000501,0,,6302858,6302858,0.95
INV-H1-000502,0,,2888275,2888275,0.95
INV-H1-000503,0,,2860075,2860075,0.95
INV-H1-000504,0,,2609985,2609985,0.95
INV-H1-000505,0,,1186370,1186370,0.95
INV-H1-000506,0,,2647008,2647008,0.95
INV-H1-000507,0,,3104690,3104690,0.95
INV-H1-000508,0,,3881260,3881260,0.95
INV-H1-000509,0,,2951276,2951276,0.95
INV-H1-000510,0,,2299574,2299574,0.95
INV-H1-000511,0,,3387015,3387015,0.95
INV-H1-000512,0,,2026594,2026594,0.95
INV-H1-000513,0,,3102116,3102116,0.95
INV-H1-000514,0,,2518898,2518898,0.95
INV-H1-000515,0,,1165711,1165711,0.95
INV-H1-000516,0,,1969332,1969332,0.95
INV-H1-000517,0,,2876061,2876061,0.95
INV-H1-000518,0,,2667704,2667704,0.95
INV-H1-000519,0,,5679452,5679452,0.95
INV-H1-000520,0,,2528900,2528900,0.95
INV-H1-000521,0,,4813865,4813865,0.95
INV-H1-000522,0,,2625449,2625449,0.95
INV-H1-000523,0,,1034967,1034967,0.95
INV-H1-000524,0,,1006925,1006925,0.95
INV-H1-000526,0,,2853443,2853443,0.95
INV-H1-000527,0,,3024760,3024760,0.95
INV-H1-000528,0,,1888595,1888595,0.95
INV-H1-000529,0,,4992173,4992173,0.95
INV-H1-000530,0,,3123234,3123234,0.95
INV-H1-000531,0,,1439690,1439690,0.95
INV-H1-000532,0,,3725016,3725016,0.95
INV-H1-000533,0,,3678930,3678930,0.95
INV-H1-000534,0,,483200,483200,0.95
INV-H1-000535,0,,1985850,1985850,0.95
INV-H1-000536,0,,1528310,1528310,0.95
INV-H1-000537,0,,1414988,1414988,0.95
INV-H1-000538,0,,1508111,1508111,0.95
INV-H1-000539,0,,1673975,1673975,0.95
INV-H1-000540,0,,4232124,4232124,0.95
INV-H1-000541,0,,4089849,4089849,0.95
INV-H1-000542,0,,4335500,4335500,0.95
INV-H1-000543,0,,4428745,4428745,0.95
INV-H1-000544,0,,3185449,3185449,0.95
INV-H1-000545,0,,1743882,1743882,0.95
INV-H1-000546,0,,2672776,2672776,0.95
INV-H1-000547,0,,2102654,2102654,0.95
INV-H1-000548,1,exclusion_violation|duplicate_invoice_id,1954965,2115965,0.55
INV-H1-000549,0,,4857904,4857904,0.95
INV-H1-000550,0,,4311642,4311642,0.95
INV-H1-000551,0,,4689193,4689193,0.95
INV-H1-000552,1,malformed_service_date|wrong_unit_basis|line_total_arithmetic,2787842,2780342,0.55
INV-H1-000553,0,,3545592,3545592,0.95
INV-H1-000554,0,,2363230,2363230,0.95
INV-H1-000555,0,,3150657,3150657,0.95
INV-H1-000556,0,,5367737,5367737,0.95
INV-H1-000557,0,,2381206,2381206,0.95
INV-H1-000558,0,,3257504,3257504,0.95
INV-H1-000559,0,,871783,871783,0.95
INV-H1-000560,0,,4343939,4343939,0.95
INV-H1-000561,0,,1946700,1946700,0.95
INV-H1-000562,0,,2391200,2391200,0.95
INV-H1-000563,0,,3402555,3402555,0.95
INV-H1-000564,0,,3763741,3763741,0.95
INV-H1-000565,0,,3445946,3445946,0.95
INV-H1-000566,0,,2069575,2069575,0.95
INV-H1-000567,0,,1279830,1279830,0.95
INV-H1-000568,0,,1385815,1385815,0.95
INV-H1-000569,0,,1566465,1566465,0.95
INV-H1-000570,0,,1249225,1249225,0.95
INV-H1-000571,1,line_total_arithmetic|unknown_service,1534690,1542190,0.35
INV-H1-000572,0,,1345050,1345050,0.95
INV-H1-000573,0,,4519958,4519958,0.95
INV-H1-000574,0,,525025,525025,0.95
INV-H1-000575,0,,3019350,3019350,0.95
INV-H1-000576,0,,6857285,6857285,0.95
INV-H1-000577,0,,1738976,1738976,0.95
INV-H1-000578,0,,1106125,1106125,0.95
INV-H1-000579,0,,1017624,1017624,0.95
INV-H1-000580,0,,3088095,3088095,0.95
INV-H1-000581,0,,420920,420920,0.95
INV-H1-000582,0,,3845079,3845079,0.95
INV-H1-000583,0,,2362365,2362365,0.95
INV-H1-000584,0,,4140383,4140383,0.95
INV-H1-000585,0,,2558633,2558633,0.95
INV-H1-000586,0,,3849719,3849719,0.95
INV-H1-000587,0,,945025,945025,0.95
INV-H1-000588,0,,2671035,2671035,0.95
INV-H1-000589,0,,2579685,2579685,0.95
INV-H1-000590,0,,1505787,1505787,0.95
INV-H1-000591,0,,1075770,1075770,0.95
INV-H1-000592,0,,3109557,3109557,0.95
INV-H1-000593,0,,5590229,5590229,0.95
INV-H1-000594,0,,4793514,4793514,0.95
INV-H1-000595,0,,1158720,1158720,0.95
INV-H1-000596,0,,3523860,3523860,0.95
INV-H1-000597,0,,2187710,2187710,0.95
INV-H1-000598,0,,1846199,1846199,0.95
INV-H1-000599,0,,1920921,1920921,0.95
INV-H1-000600,0,,1088500,1088500,0.95
INV-H1-000602,0,,3950832,3950832,0.95
INV-H1-000603,0,,2135713,2135713,0.95
INV-H1-000604,0,,3441942,3441942,0.95
INV-H1-000605,0,,3888554,3888554,0.95
INV-H1-000606,0,,1176485,1176485,0.95
INV-H1-000607,0,,5830363,5830363,0.95
INV-H1-000608,0,,3565158,3565158,0.95
INV-H1-000609,0,,1484300,1484300,0.95
INV-H1-000610,0,,2375985,2375985,0.95
INV-H1-000611,0,,3590888,3590888,0.95
INV-H1-000612,0,,3505097,3505097,0.95
INV-H1-000613,0,,1626034,1626034,0.95
INV-H1-000614,0,,1460940,1460940,0.95
INV-H1-000615,0,,2801128,2801128,0.95
INV-H1-000616,0,,5748500,5748500,0.95
INV-H1-000617,0,,2600735,2600735,0.95
INV-H1-000618,0,,1400204,1400204,0.95
INV-H1-000619,1,weekend_uplift_omitted,4668583,4648783,0.9
INV-H1-000620,0,,7140902,7140902,0.95
INV-H1-000621,0,,2708396,2708396,0.95
INV-H1-000622,0,,1015412,1015412,0.95
INV-H1-000623,0,,663475,663475,0.95
INV-H1-000624,0,,1860624,1860624,0.95
INV-H1-000625,0,,4725499,4725499,0.95
INV-H1-000626,0,,4994700,4994700,0.95
INV-H1-000627,0,,2863080,2863080,0.95
INV-H1-000628,0,,4203380,4203380,0.95
INV-H1-000629,1,contract_number_mismatch,3852708,3852708,0.9
INV-H1-000630,0,,2093686,2093686,0.95
INV-H1-000631,0,,1118472,1118472,0.95
INV-H1-000632,0,,2340620,2340620,0.95
INV-H1-000633,0,,2240596,2240596,0.95
INV-H1-000634,0,,2457120,2457120,0.95
INV-H1-000635,1,wrong_unit_basis|unit_price_mismatch,1820675,1782497,0.75
INV-H1-000636,0,,2374500,2374500,0.95
INV-H1-000637,0,,3005350,3005350,0.95
INV-H1-000638,0,,1080593,1080593,0.95
INV-H1-000639,0,,1582634,1582634,0.95
INV-H1-000640,0,,3547303,3547303,0.95
INV-H1-000641,0,,3930631,3930631,0.95
INV-H1-000642,0,,4331980,4331980,0.95
INV-H1-000643,0,,4148836,4148836,0.95
INV-H1-000644,0,,2695347,2695347,0.95
INV-H1-000645,0,,1936535,1936535,0.95
INV-H1-000646,1,exclusion_violation|unit_price_mismatch|premium_incorrectly_applied,2974340,2952045,0.75
INV-H1-000647,0,,2769575,2769575,0.95
INV-H1-000648,0,,2171482,2171482,0.95
INV-H1-000649,0,,2071024,2071024,0.95
INV-H1-000650,1,malformed_service_date,1706534,1706534,0.55
INV-H1-000651,0,,2851295,2851295,0.95
INV-H1-000652,0,,1919263,1919263,0.95
INV-H1-000653,0,,3441128,3441128,0.95
INV-H1-000654,0,,4721388,4721388,0.95
INV-H1-000655,0,,5073640,5073640,0.95
INV-H1-000656,0,,3242574,3242574,0.95
INV-H1-000657,1,wrong_unit_basis,4217639,4217639,0.9
INV-H1-000658,0,,1292375,1292375,0.95
INV-H1-000659,1,service_date_out_of_window|bundle_not_applied|unit_price_mismatch,3593985,3686985,0.75
INV-H1-000660,0,,735150,735150,0.95
INV-H1-000661,0,,4771130,4771130,0.95
INV-H1-000662,0,,3776025,3776025,0.95
INV-H1-000663,0,,1212782,1212782,0.95
INV-H1-000664,0,,1051575,1051575,0.95
INV-H1-000665,0,,3905115,3905115,0.95
INV-H1-000666,0,,3597600,3597600,0.95
INV-H1-000667,1,unknown_service,2053255,2053255,0.35
INV-H1-000668,0,,3732703,3732703,0.95
INV-H1-000669,0,,4004804,4004804,0.95
INV-H1-000670,0,,4556525,4556525,0.95
INV-H1-000671,0,,3243888,3243888,0.95
INV-H1-000672,0,,2842325,2842325,0.95
INV-H1-000673,0,,2680725,2680725,0.95
INV-H1-000674,1,service_date_after_invoice_date,2416832,2416832,0.9
INV-H1-000675,1,cross_invoice_duplicate|unit_price_mismatch,1302105,1380400,0.75
INV-H1-000676,0,,4806734,4806734,0.95
INV-H1-000677,1,wrong_unit_basis|cross_invoice_duplicate|unit_price_mismatch,4656053,5360228,0.75
INV-H1-000678,0,,2165049,2165049,0.95
INV-H1-000679,0,,2367163,2367163,0.95
INV-H1-000680,0,,2942216,2942216,0.95
INV-H1-000681,0,,2649415,2649415,0.95
INV-H1-000682,0,,1825648,1825648,0.95
INV-H1-000683,0,,1895344,1895344,0.95
INV-H1-000684,0,,3797998,3797998,0.95
INV-H1-000685,0,,1934580,1934580,0.95
INV-H1-000686,0,,2965003,2965003,0.95
INV-H1-000687,0,,2005410,2005410,0.95
INV-H1-000688,0,,2320550,2320550,0.95
INV-H1-000689,0,,1039568,1039568,0.95
INV-H1-000690,0,,2820307,2820307,0.95
INV-H1-000691,0,,3328275,3328275,0.95
INV-H1-000692,0,,3912118,3912118,0.95
INV-H1-000693,0,,3469593,3469593,0.95
INV-H1-000694,0,,838345,838345,0.95
INV-H1-000695,0,,1738208,1738208,0.95
INV-H1-000696,0,,2209233,2209233,0.95
INV-H1-000697,0,,4420451,4420451,0.95
INV-H1-000698,0,,3421145,3421145,0.95
INV-H1-000699,0,,3027125,3027125,0.95
INV-H1-000700,0,,1084251,1084251,0.95
INV-H1-000701,0,,729214,729214,0.95
INV-H1-000702,0,,4360605,4360605,0.95
INV-H1-000703,1,wrong_unit_basis|line_total_arithmetic,1084453,1076953,0.75
INV-H1-000704,0,,3733390,3733390,0.95
INV-H1-000705,0,,904483,904483,0.95
INV-H1-000706,0,,1987700,1987700,0.95
INV-H1-000707,0,,1936925,1936925,0.95
INV-H1-000708,0,,2353606,2353606,0.95
INV-H1-000709,0,,3532926,3532926,0.95
INV-H1-000710,0,,3650814,3650814,0.95
INV-H1-000711,0,,2413074,2413074,0.95
INV-H1-000712,0,,3858120,3858120,0.95
INV-H1-000713,0,,2411518,2411518,0.95
INV-H1-000714,0,,1644350,1644350,0.95
INV-H1-000715,0,,970020,970020,0.95
INV-H1-000716,0,,1749386,1749386,0.95
INV-H1-000717,1,wrong_unit_basis,2651162,2651162,0.9
INV-H1-000718,0,,783025,783025,0.95
INV-H1-000719,0,,845310,845310,0.95
INV-H1-000720,0,,3139824,3139824,0.95
INV-H1-000721,0,,1292690,1292690,0.95
INV-H1-000722,0,,1594886,1594886,0.95
INV-H1-000723,0,,1427400,1427400,0.95
INV-H1-000724,0,,2600041,2600041,0.95
INV-H1-000725,1,daily_cap_exceeded,1812750,1925550,0.9
INV-H1-000726,0,,5002126,5002126,0.95
INV-H1-000727,0,,2700630,2700630,0.95
INV-H1-000728,0,,3622993,3622993,0.95
INV-H1-000729,0,,3644405,3644405,0.95
INV-H1-000730,0,,1178920,1178920,0.95
INV-H1-000731,0,,1744546,1744546,0.95
INV-H1-000732,0,,4161065,4161065,0.95
INV-H1-000733,0,,4090367,4090367,0.95
INV-H1-000734,0,,2489815,2489815,0.95
INV-H1-000735,0,,1067857,1067857,0.95
INV-H1-000736,0,,2087322,2087322,0.95
INV-H1-000737,0,,2828108,2828108,0.95
INV-H1-000738,0,,1219150,1219150,0.95
INV-H1-000739,0,,3794864,3794864,0.95
INV-H1-000740,0,,3197252,3197252,0.95
INV-H1-000741,0,,1896825,1896825,0.95
INV-H1-000742,0,,1375129,1375129,0.95
INV-H1-000743,0,,1134176,1134176,0.95
INV-H1-000744,0,,3569096,3569096,0.95
INV-H1-000745,0,,2158353,2158353,0.95
INV-H1-000746,0,,2466869,2466869,0.95
INV-H1-000747,0,,5741085,5741085,0.95
INV-H1-000748,1,service_date_out_of_window|service_date_after_invoice_date,5359331,5359331,0.75
INV-H1-000749,0,,3031243,3031243,0.95
INV-H1-000750,0,,2648724,2648724,0.95
INV-H1-000751,0,,4360656,4360656,0.95
INV-H1-000752,0,,1357904,1357904,0.95
INV-H1-000753,0,,1630750,1630750,0.95
INV-H1-000754,0,,2153329,2153329,0.95
INV-H1-000755,0,,833600,833600,0.95
INV-H1-000756,0,,2783615,2783615,0.95
INV-H1-000757,0,,3577253,3577253,0.95
INV-H1-000758,0,,2229604,2229604,0.95
INV-H1-000759,0,,2822035,2822035,0.95
INV-H1-000760,0,,2064095,2064095,0.95
INV-H1-000761,0,,3353665,3353665,0.95
INV-H1-000762,0,,1748571,1748571,0.95
INV-H1-000763,0,,5571890,5571890,0.95
INV-H1-000764,0,,3477914,3477914,0.95
INV-H1-000765,0,,3794865,3794865,0.95
INV-H1-000766,0,,1177997,1177997,0.95
INV-H1-000767,0,,4651455,4651455,0.95
INV-H1-000768,0,,2781754,2781754,0.95
INV-H1-000769,0,,1679020,1679020,0.95
INV-H1-000770,0,,2038506,2038506,0.95
INV-H1-000771,0,,5299935,5299935,0.95
INV-H1-000772,0,,3805854,3805854,0.95
INV-H1-000773,0,,2458809,2458809,0.95
INV-H1-000774,0,,1415218,1415218,0.95
INV-H1-000775,0,,3401339,3401339,0.95
INV-H1-000776,0,,3071675,3071675,0.95
INV-H1-000777,0,,2429769,2429769,0.95
INV-H1-000778,0,,2156416,2156416,0.95
INV-H1-000779,0,,628982,628982,0.95
INV-H1-000780,0,,2770225,2770225,0.95
INV-H1-000781,0,,3681874,3681874,0.95
INV-H1-000782,0,,2323407,2323407,0.95
INV-H1-000783,0,,642675,642675,0.95
INV-H1-000784,0,,2218255,2218255,0.95
INV-H1-000785,0,,1849775,1849775,0.95
INV-H1-000786,0,,2993000,2993000,0.95
INV-H1-000787,0,,2059029,2059029,0.95
INV-H1-000788,0,,1059825,1059825,0.95
INV-H1-000789,0,,2758680,2758680,0.95
INV-H1-000790,0,,2404480,2404480,0.95
INV-H1-000791,0,,3490975,3490975,0.95
INV-H1-000792,0,,3294373,3294373,0.95
INV-H1-000793,0,,4245835,4245835,0.95
INV-H1-000794,0,,2065304,2065304,0.95
INV-H1-000795,0,,2554725,2554725,0.95
INV-H1-000796,0,,4969812,4969812,0.95
INV-H1-000797,0,,3501930,3501930,0.95
INV-H1-000798,0,,2549162,2549162,0.95
INV-H1-000799,0,,2070577,2070577,0.95
INV-H1-000800,0,,6020653,6020653,0.95
INV-H1-000801,0,,1984773,1984773,0.95
INV-H1-000802,0,,3487115,3487115,0.95
INV-H1-000803,0,,1401701,1401701,0.95
INV-H1-000804,0,,3265145,3265145,0.95
INV-H1-000805,0,,2615344,2615344,0.95
INV-H1-000806,0,,3064055,3064055,0.95
INV-H1-000807,0,,1638523,1638523,0.95
INV-H1-000808,0,,3689488,3689488,0.95
INV-H1-000809,0,,3454991,3454991,0.95
INV-H1-000810,0,,2165925,2165925,0.95
INV-H1-000811,1,volume_discount_omitted|unknown_service,3629745,3714657,0.35
INV-H1-000812,0,,1387250,1387250,0.95
INV-H1-000813,0,,3977875,3977875,0.95
INV-H1-000814,0,,1543045,1543045,0.95
INV-H1-000815,0,,3088264,3088264,0.95
INV-H1-000816,0,,3836485,3836485,0.95
INV-H1-000817,0,,4033379,4033379,0.95
INV-H1-000818,0,,3887630,3887630,0.95
INV-H1-000819,0,,981038,981038,0.95
INV-H1-000820,1,volume_discount_omitted|invoice_total_mismatch,2850137,2881532,0.75
INV-H1-000821,0,,3330606,3330606,0.95
INV-H1-000822,0,,1267835,1267835,0.95
INV-H1-000823,0,,1875655,1875655,0.95
INV-H1-000824,0,,2221734,2221734,0.95
INV-H1-000825,0,,3468479,3468479,0.95
INV-H1-000826,0,,2789238,2789238,0.95
INV-H1-000827,0,,3298041,3298041,0.95
INV-H1-000828,0,,3108983,3108983,0.95
INV-H1-000829,0,,3151440,3151440,0.95
INV-H1-000830,0,,1775270,1775270,0.95
INV-H1-000831,0,,2070440,2070440,0.95
INV-H1-000832,0,,4095085,4095085,0.95
INV-H1-000833,0,,1669100,1669100,0.95
INV-H1-000834,0,,1031797,1031797,0.95
INV-H1-000835,0,,2718965,2718965,0.95
INV-H1-000836,0,,3025568,3025568,0.95
INV-H1-000837,0,,1216911,1216911,0.95
INV-H1-000838,0,,2223931,2223931,0.95
INV-H1-000839,0,,4664610,4664610,0.95
INV-H1-000840,0,,4454870,4454870,0.95
INV-H1-000841,0,,4617910,4617910,0.95
INV-H1-000842,0,,2138594,2138594,0.95
INV-H1-000843,0,,1086850,1086850,0.95
INV-H1-000844,0,,663386,663386,0.95
INV-H1-000845,0,,3290314,3290314,0.95
INV-H1-000846,0,,2399363,2399363,0.95
INV-H1-000847,1,wrong_unit_basis|exclusion_violation,3960600,3988200,0.75
INV-H1-000848,0,,3271454,3271454,0.95
INV-H1-000849,0,,3927848,3927848,0.95
INV-H1-000850,0,,5287691,5287691,0.95
INV-H1-000851,0,,2950556,2950556,0.95
INV-H1-000852,1,service_date_out_of_window|service_date_after_invoice_date|cross_invoice_duplicate,2145525,2388675,0.75
INV-H1-000853,0,,1939273,1939273,0.95
INV-H1-000854,0,,3361815,3361815,0.95
INV-H1-000855,0,,2836990,2836990,0.95
INV-H1-000856,0,,860340,860340,0.95
INV-H1-000857,0,,2300235,2300235,0.95
INV-H1-000858,0,,2163860,2163860,0.95
INV-H1-000859,0,,775725,775725,0.95
INV-H1-000860,0,,4432235,4432235,0.95
INV-H1-000861,0,,2483775,2483775,0.95
INV-H1-000862,0,,1902331,1902331,0.95
INV-H1-000863,0,,2812468,2812468,0.95
INV-H1-000864,0,,5563320,5563320,0.95
INV-H1-000865,0,,3607964,3607964,0.95
INV-H1-000866,0,,1655250,1655250,0.95
INV-H1-000867,0,,5888095,5888095,0.95
INV-H1-000868,0,,3802873,3802873,0.95
INV-H1-000869,0,,3752925,3752925,0.95
INV-H1-000870,0,,745450,745450,0.95
INV-H1-000871,0,,2663757,2663757,0.95
INV-H1-000872,0,,1783506,1783506,0.95
INV-H1-000873,1,bundle_not_applied|unit_price_mismatch|contract_number_mismatch,1606768,1620843,0.75
INV-H1-000874,0,,4914354,4914354,0.95
INV-H1-000875,0,,1851716,1851716,0.95
INV-H1-000876,0,,2290880,2290880,0.95
INV-H1-000877,0,,1831050,1831050,0.95
INV-H1-000878,0,,465023,465023,0.95
INV-H1-000879,0,,1409079,1409079,0.95
INV-H1-000880,0,,1781344,1781344,0.95
INV-H1-000881,0,,4549164,4549164,0.95
INV-H1-000882,0,,4953447,4953447,0.95
INV-H1-000883,0,,6169030,6169030,0.95
INV-H1-000884,0,,3351299,3351299,0.95
INV-H1-000885,0,,1260530,1260530,0.95
INV-H1-000886,0,,1208930,1208930,0.95
INV-H1-000887,0,,561050,561050,0.95
INV-H1-000888,0,,3334135,3334135,0.95
INV-H1-000889,0,,1408665,1408665,0.95
INV-H1-000890,0,,1368317,1368317,0.95
INV-H1-000891,0,,902350,902350,0.95
INV-H1-000892,0,,1028425,1028425,0.95
INV-H1-000893,0,,2692710,2692710,0.95
INV-H1-000894,0,,1531372,1531372,0.95
INV-H1-000895,0,,3643338,3643338,0.95
INV-H1-000896,0,,2917920,2917920,0.95
INV-H1-000897,0,,2344075,2344075,0.95
INV-H1-000898,0,,2237689,2237689,0.95
INV-H1-000899,0,,2339046,2339046,0.95
INV-H1-000900,0,,4565783,4565783,0.95
INV-H1-000901,0,,3226125,3226125,0.95
INV-H1-000902,0,,2514158,2514158,0.95
INV-H1-000903,0,,4385784,4385784,0.95
INV-H1-000904,0,,2011695,2011695,0.95
INV-H1-000905,0,,1939939,1939939,0.95
INV-H1-000906,0,,857575,857575,0.95
INV-H1-000907,0,,1270625,1270625,0.95
INV-H1-000908,0,,3268266,3268266,0.95
INV-H1-000909,0,,1333831,1333831,0.95
INV-H1-000910,0,,3954572,3954572,0.95
INV-H1-000911,0,,1781766,1781766,0.95
INV-H1-000912,0,,3012993,3012993,0.95
INV-H1-000913,0,,1484675,1484675,0.95
INV-H1-000914,0,,6185689,6185689,0.95
INV-H1-000915,0,,1610819,1610819,0.95
INV-H1-000916,0,,2434972,2434972,0.95
INV-H1-000917,0,,2843717,2843717,0.95
INV-H1-000918,0,,2565249,2565249,0.95
INV-H4-000001,0,,1684325,1684325,0.95
INV-H4-000002,1,unit_price_mismatch|unknown_service,3722200,3709750,0.35
INV-H4-000003,1,wrong_unit_basis,2990225,2990225,0.9
INV-H4-000004,0,,4541425,4541425,0.95
INV-H4-000005,0,,1061450,1061450,0.95
INV-H4-000006,1,invoice_total_mismatch,641175,640175,0.9
INV-H4-000007,0,,2396750,2396750,0.95
INV-H4-000008,1,service_date_after_invoice_date|unit_price_mismatch,3259925,3525273,0.75
INV-H4-000009,0,,3544989,3544989,0.95
INV-H4-000010,0,,4801591,4801591,0.95
INV-H4-000011,0,,2887300,2887300,0.95
INV-H4-000012,0,,2835575,2835575,0.95
INV-H4-000013,0,,2946850,2946850,0.95
INV-H4-000014,0,,2658825,2658825,0.95
INV-H4-000015,0,,3635025,3635025,0.95
INV-H4-000016,0,,3234050,3234050,0.95
INV-H4-000017,1,line_total_arithmetic,4964975,4939975,0.9
INV-H4-000018,0,,1493475,1493475,0.95
INV-H4-000019,0,,1312175,1312175,0.95
INV-H4-000020,0,,3385425,3385425,0.95
INV-H4-000021,0,,2524150,2524150,0.95
INV-H4-000022,0,,2760525,2760525,0.95
INV-H4-000023,0,,3356650,3356650,0.95
INV-H4-000024,0,,1381558,1381558,0.95
INV-H4-000025,0,,729989,729989,0.95
INV-H4-000026,0,,3085997,3085997,0.95
INV-H4-000027,0,,3087600,3087600,0.95
INV-H4-000028,0,,1136750,1136750,0.95
INV-H4-000029,0,,819175,819175,0.95
INV-H4-000030,0,,1854450,1854450,0.95
INV-H4-000031,1,unit_price_mismatch|unknown_service,1710075,1691400,0.35
INV-H4-000032,1,unknown_service,433650,433650,0.35
INV-H4-000033,0,,3745725,3745725,0.95
INV-H4-000034,0,,3938675,3938675,0.95
INV-H4-000035,0,,4272200,4272200,0.95
INV-H4-000036,0,,2580775,2580775,0.95
INV-H4-000037,0,,4330300,4330300,0.95
INV-H4-000038,0,,2275900,2275900,0.95
INV-H4-000039,0,,3695050,3695050,0.95
INV-H4-000040,0,,4906925,4906925,0.95
INV-H4-000041,0,,2268000,2268000,0.95
INV-H4-000042,0,,3924275,3924275,0.95
INV-H4-000043,0,,1803400,1803400,0.95
INV-H4-000044,0,,2826210,2826210,0.95
INV-H4-000045,0,,2151575,2151575,0.95
INV-H4-000046,0,,2192275,2192275,0.95
INV-H4-000047,0,,3509309,3509309,0.95
INV-H4-000048,1,unit_price_mismatch|unknown_service,1051625,1024025,0.35
INV-H4-000049,0,,2746450,2746450,0.95
INV-H4-000050,0,,3023285,3023285,0.95
INV-H4-000051,0,,4283425,4283425,0.95
INV-H4-000052,0,,2886250,2886250,0.95
INV-H4-000053,1,wrong_unit_basis|unknown_service,3818450,3818450,0.35
INV-H4-000054,0,,1927440,1927440,0.95
INV-H4-000055,0,,3426725,3426725,0.95
INV-H4-000056,0,,1540100,1540100,0.95
INV-H4-000057,0,,3328750,3328750,0.95
INV-H4-000058,0,,1646025,1646025,0.95
INV-H4-000059,0,,822175,822175,0.95
INV-H4-000060,0,,805625,805625,0.95
INV-H4-000061,0,,1590875,1590875,0.95
INV-H4-000062,0,,3792825,3792825,0.95
INV-H4-000063,1,unit_price_mismatch|unknown_service,2575775,2568575,0.35
INV-H4-000064,0,,1531425,1531425,0.95
INV-H4-000065,0,,540310,540310,0.95
INV-H4-000066,0,,4668562,4668562,0.95
INV-H4-000067,0,,3881800,3881800,0.95
INV-H4-000068,0,,1482320,1482320,0.95
INV-H4-000069,0,,3522700,3522700,0.95
INV-H4-000070,1,unit_price_mismatch|unknown_service,4413675,4395000,0.35
INV-H4-000071,0,,1617900,1617900,0.95
INV-H4-000072,0,,1932625,1932625,0.95
INV-H4-000073,1,duplicate_invoice_id,1732300,1732300,0.55
INV-H4-000074,1,unit_price_mismatch|volume_discount_incorrectly_applied,3253770,3497250,0.75
INV-H4-000075,0,,2816942,2816942,0.95
INV-H4-000076,0,,1949250,1949250,0.95
INV-H4-000077,0,,2865381,2865381,0.95
INV-H4-000078,0,,2875625,2875625,0.95
INV-H4-000079,1,duplicate_invoice_id,1486726,1486726,0.55
INV-H4-000080,0,,3508000,3508000,0.95
INV-H4-000081,0,,3437800,3437800,0.95
INV-H4-000082,0,,5197300,5197300,0.95
INV-H4-000083,0,,3067400,3067400,0.95
INV-H4-000084,0,,4715550,4715550,0.95
INV-H4-000085,0,,3151125,3151125,0.95
INV-H4-000086,0,,1398675,1398675,0.95
INV-H4-000087,0,,3411011,3411011,0.95
INV-H4-000088,1,unit_price_mismatch|unknown_service,5308471,5285671,0.35
INV-H4-000089,0,,1592319,1592319,0.95
INV-H4-000090,0,,1209350,1209350,0.95
INV-H4-000091,0,,1420275,1420275,0.95
INV-H4-000092,0,,3900715,3900715,0.95
INV-H4-000093,0,,2654600,2654600,0.95
INV-H4-000094,0,,2378395,2378395,0.95
INV-H4-000095,1,wrong_unit_basis|line_total_arithmetic,1804850,1797350,0.75
INV-H4-000096,0,,2712075,2712075,0.95
INV-H4-000097,0,,2515900,2515900,0.95
INV-H4-000098,0,,2846400,2846400,0.95
INV-H4-000099,0,,3632444,3632444,0.95
INV-H4-000100,0,,1400750,1400750,0.95
INV-H4-000101,0,,997375,997375,0.95
INV-H4-000102,0,,1967575,1967575,0.95
INV-H4-000103,0,,4815295,4815295,0.95
INV-H4-000104,1,contract_number_mismatch,763938,763938,0.9
INV-H4-000105,1,service_date_after_invoice_date|premium_omitted,1384350,1369450,0.75
INV-H4-000106,0,,1241425,1241425,0.95
INV-H4-000107,0,,2848100,2848100,0.95
INV-H4-000108,0,,1704800,1704800,0.95
INV-H4-000109,0,,4800150,4800150,0.95
INV-H4-000110,0,,1614575,1614575,0.95
INV-H4-000111,0,,3388731,3388731,0.95
INV-H4-000112,0,,1157155,1157155,0.95
INV-H4-000113,0,,1557700,1557700,0.95
INV-H4-000114,0,,4447625,4447625,0.95
INV-H4-000115,0,,3446700,3446700,0.95
INV-H4-000116,0,,3422822,3422822,0.95
INV-H4-000117,0,,1002076,1002076,0.95
INV-H4-000118,0,,3885968,3885968,0.95
INV-H4-000119,0,,1533750,1533750,0.95
INV-H4-000120,0,,2225600,2225600,0.95
INV-H4-000121,1,service_date_after_invoice_date,1732875,1732875,0.9
INV-H4-000122,0,,2184175,2184175,0.95
INV-H4-000123,0,,3924125,3924125,0.95
INV-H4-000124,1,unit_price_mismatch|unknown_service,5082725,5059925,0.35
INV-H4-000125,1,unknown_service,2398750,2398750,0.35
INV-H4-000126,0,,1198500,1198500,0.95
INV-H4-000127,0,,4277050,4277050,0.95
INV-H4-000128,0,,2878080,2878080,0.95
INV-H4-000129,0,,2475375,2475375,0.95
INV-H4-000130,0,,1120375,1120375,0.95
INV-H4-000131,0,,2284750,2284750,0.95
INV-H4-000132,0,,2168372,2168372,0.95
INV-H4-000133,0,,1665300,1665300,0.95
INV-H4-000134,0,,1879100,1879100,0.95
INV-H4-000135,0,,2150499,2150499,0.95
INV-H4-000136,0,,1312475,1312475,0.95
INV-H4-000137,0,,1185400,1185400,0.95
INV-H4-000138,0,,408732,408732,0.95
INV-H4-000139,0,,3165685,3165685,0.95
INV-H4-000140,0,,2104082,2104082,0.95
INV-H4-000141,0,,2871700,2871700,0.95
INV-H4-000142,0,,3154150,3154150,0.95
INV-H4-000143,1,unknown_service,2047525,2047525,0.35
INV-H4-000144,1,premium_incorrectly_applied|contract_number_mismatch|unknown_service,3088113,3105319,0.35
INV-H4-000145,0,,3600775,3600775,0.95
INV-H4-000146,0,,2873750,2873750,0.95
INV-H4-000147,0,,3627292,3627292,0.95
INV-H4-000148,0,,1207325,1207325,0.95
INV-H4-000149,0,,1433525,1433525,0.95
INV-H4-000150,0,,1510135,1510135,0.95
INV-H4-000151,0,,4528550,4528550,0.95
INV-H4-000152,0,,1673314,1673314,0.95
INV-H4-000153,1,malformed_service_date|unknown_service,3656250,3656250,0.35
INV-H4-000154,0,,1006400,1006400,0.95
INV-H4-000155,0,,1748312,1748312,0.95
INV-H4-000156,0,,1706925,1706925,0.95
INV-H4-000157,1,volume_discount_omitted|invoice_total_mismatch,994456,1066600,0.75
INV-H4-000158,0,,1897325,1897325,0.95
INV-H4-000159,0,,1671850,1671850,0.95
INV-H4-000160,0,,481550,481550,0.95
INV-H4-000161,0,,2578975,2578975,0.95
INV-H4-000162,0,,3059865,3059865,0.95
INV-H4-000163,0,,3712175,3712175,0.95
INV-H4-000164,1,malformed_service_date|premium_incorrectly_applied|contract_number_mismatch,2217803,2241308,0.55
INV-H4-000165,1,daily_cap_exceeded,3370925,3413175,0.9
INV-H4-000166,0,,1360729,1360729,0.95
INV-H4-000167,0,,4001084,4001084,0.95
INV-H4-000168,1,wrong_unit_basis|exclusion_violation,2184615,2221715,0.75
INV-H4-000169,0,,2116475,2116475,0.95
INV-H4-000170,0,,2401000,2401000,0.95
INV-H4-000171,0,,3983406,3983406,0.95
INV-H4-000172,0,,2225568,2225568,0.95
INV-H4-000173,0,,2904550,2904550,0.95
INV-H4-000174,0,,1591425,1591425,0.95
INV-H4-000175,0,,3231725,3231725,0.95
INV-H4-000176,0,,1732674,1732674,0.95
INV-H4-000177,1,unit_price_mismatch|unknown_service,3071875,3061075,0.35
INV-H4-000178,0,,3878225,3878225,0.95
INV-H4-000179,0,,1998140,1998140,0.95
INV-H4-000180,0,,2976218,2976218,0.95
INV-H4-000181,0,,1433750,1433750,0.95
INV-H4-000182,0,,3573500,3573500,0.95
INV-H4-000183,0,,3944406,3944406,0.95
INV-H4-000184,0,,1978025,1978025,0.95
INV-H4-000185,0,,3031025,3031025,0.95
INV-H4-000186,1,unit_price_mismatch|unknown_service,3419088,3391488,0.35
INV-H4-000187,0,,4163750,4163750,0.95
INV-H4-000188,0,,480600,480600,0.95
INV-H4-000189,0,,2477850,2477850,0.95
INV-H4-000190,1,unknown_service,4348650,4348650,0.35
INV-H4-000191,0,,2686650,2686650,0.95
INV-H4-000192,0,,3168856,3168856,0.95
INV-H4-000193,0,,2231223,2231223,0.95
INV-H4-000194,0,,5330400,5330400,0.95
INV-H4-000195,0,,2564800,2564800,0.95
INV-H4-000196,1,wrong_unit_basis|unit_price_mismatch|premium_incorrectly_applied,2732000,2769483,0.75
INV-H4-000197,0,,3709100,3709100,0.95
INV-H4-000198,0,,892825,892825,0.95
INV-H4-000199,0,,3183225,3183225,0.95
INV-H4-000200,0,,2877375,2877375,0.95
INV-H4-000201,0,,875700,875700,0.95
INV-H4-000202,0,,1981900,1981900,0.95
INV-H4-000203,0,,1979184,1979184,0.95
INV-H4-000204,0,,4171025,4171025,0.95
INV-H4-000205,0,,3493500,3493500,0.95
INV-H4-000206,0,,1988225,1988225,0.95
INV-H4-000207,0,,930000,930000,0.95
INV-H4-000208,0,,3600552,3600552,0.95
INV-H4-000209,0,,2321736,2321736,0.95
INV-H4-000210,0,,5038300,5038300,0.95
INV-H4-000211,1,unit_price_mismatch|unknown_service,3070500,3056100,0.35
INV-H4-000212,0,,2243138,2243138,0.95
INV-H4-000213,0,,2984225,2984225,0.95
INV-H4-000214,0,,3246025,3246025,0.95
INV-H4-000215,0,,604825,604825,0.95
INV-H4-000216,0,,1973625,1973625,0.95
INV-H4-000217,1,unit_price_mismatch|volume_discount_incorrectly_applied,2596750,2424724,0.75
INV-H4-000218,0,,2091390,2091390,0.95
INV-H4-000219,0,,3351025,3351025,0.95
INV-H4-000220,0,,4985275,4985275,0.95
INV-H4-000221,0,,1251552,1251552,0.95
INV-H4-000222,0,,1049900,1049900,0.95
INV-H4-000223,0,,2854625,2854625,0.95
INV-H4-000224,0,,1980323,1980323,0.95
INV-H4-000225,0,,2624625,2624625,0.95
INV-H4-000226,1,line_total_arithmetic,916750,941750,0.9
INV-H4-000227,0,,4035850,4035850,0.95
INV-H4-000228,0,,2264805,2264805,0.95
INV-H4-000229,0,,2680971,2680971,0.95
INV-H4-000230,0,,3617087,3617087,0.95
INV-H4-000231,0,,4372475,4372475,0.95
INV-H4-000232,0,,1930675,1930675,0.95
INV-H4-000233,0,,2666630,2666630,0.95
INV-H4-000234,0,,1089700,1089700,0.95
INV-H4-000235,1,exclusion_violation|contract_number_mismatch,1518150,1538350,0.75
INV-H4-000236,0,,2297550,2297550,0.95
INV-H4-000237,0,,3644221,3644221,0.95
INV-H4-000238,0,,1045225,1045225,0.95
INV-H4-000239,0,,3914800,3914800,0.95
INV-H4-000240,0,,2711979,2711979,0.95
INV-H4-000241,0,,2652700,2652700,0.95
INV-H4-000242,0,,4025602,4025602,0.95
INV-H4-000243,0,,1488475,1488475,0.95
INV-H4-000244,0,,1335750,1335750,0.95
INV-H4-000245,0,,1497140,1497140,0.95
INV-H4-000246,0,,2716947,2716947,0.95
INV-H4-000247,1,premium_incorrectly_applied,3219450,3224198,0.8
INV-H4-000248,0,,2382309,2382309,0.95
INV-H4-000249,0,,2468650,2468650,0.95
INV-H4-000250,0,,2665181,2665181,0.95
INV-H4-000251,0,,1327425,1327425,0.95
INV-H4-000252,0,,2894100,2894100,0.95
INV-H4-000253,0,,985450,985450,0.95
INV-H4-000254,0,,1369875,1369875,0.95
INV-H4-000255,0,,1882120,1882120,0.95
INV-H4-000256,0,,682700,682700,0.95
INV-H4-000257,0,,3266665,3266665,0.95
INV-H4-000258,0,,1118825,1118825,0.95
INV-H4-000259,1,unit_price_mismatch|premium_incorrectly_applied,3880075,4427913,0.75
INV-H4-000260,1,service_date_out_of_window|line_total_arithmetic,1682025,1657025,0.75
INV-H4-000261,0,,1789878,1789878,0.95
INV-H4-000262,0,,2110186,2110186,0.95
INV-H4-000263,0,,1153981,1153981,0.95
INV-H4-000264,1,premium_incorrectly_applied|duplicate_invoice_id,4671165,4696974,0.55
INV-H4-000265,0,,4404590,4404590,0.95
INV-H4-000266,0,,613575,613575,0.95
INV-H4-000267,0,,2593453,2593453,0.95
INV-H4-000268,0,,977995,977995,0.95
INV-H4-000269,0,,3368618,3368618,0.95
INV-H4-000270,0,,2654548,2654548,0.95
INV-H4-000271,0,,5044659,5044659,0.95
INV-H4-000272,0,,1856562,1856562,0.95
INV-H4-000273,0,,1988640,1988640,0.95
INV-H4-000274,0,,1107275,1107275,0.95
INV-H4-000275,0,,3175125,3175125,0.95
INV-H4-000276,0,,4113650,4113650,0.95
INV-H4-000277,0,,3302165,3302165,0.95
INV-H4-000278,0,,3446950,3446950,0.95
INV-H4-000279,0,,2072558,2072558,0.95
INV-H4-000280,0,,2693475,2693475,0.95
INV-H4-000281,0,,1513905,1513905,0.95
INV-H4-000282,0,,1401500,1401500,0.95
INV-H4-000283,0,,4108178,4108178,0.95
INV-H4-000284,0,,531900,531900,0.95
INV-H4-000285,1,unknown_service,1044325,1044325,0.35
INV-H4-000286,0,,2054450,2054450,0.95
INV-H4-000287,0,,3420900,3420900,0.95
INV-H4-000288,0,,1085000,1085000,0.95
INV-H4-000289,0,,4165533,4165533,0.95
INV-H4-000290,0,,3406925,3406925,0.95
INV-H4-000291,0,,2286450,2286450,0.95
INV-H4-000292,0,,1980000,1980000,0.95
INV-H4-000293,1,unit_price_mismatch,3493365,3500841,0.8
INV-H4-000294,0,,827525,827525,0.95
INV-H4-000295,0,,579025,579025,0.95
INV-H4-000296,0,,1443230,1443230,0.95
INV-H4-000297,0,,3398204,3398204,0.95
INV-H4-000298,0,,2093400,2093400,0.95
INV-H4-000299,0,,421750,421750,0.95
INV-H4-000300,0,,4207405,4207405,0.95
INV-H4-000301,0,,1677800,1677800,0.95
INV-H4-000302,0,,1454463,1454463,0.95
INV-H4-000304,0,,4995628,4995628,0.95
INV-H4-000305,1,unit_price_mismatch|unknown_service,2239575,2221575,0.35
INV-H4-000306,0,,2618850,2618850,0.95
INV-H4-000307,0,,4621560,4621560,0.95
INV-H4-000308,0,,2714544,2714544,0.95
INV-H4-000309,1,cross_invoice_duplicate|unknown_service,2736943,3550818,0.35
INV-H4-000310,0,,1316020,1316020,0.95
INV-H4-000311,0,,1972059,1972059,0.95
INV-H4-000312,0,,699500,699500,0.95
INV-H4-000313,0,,800725,800725,0.95
INV-H4-000314,0,,697175,697175,0.95
INV-H4-000315,0,,1699100,1699100,0.95
INV-H4-000316,0,,4094625,4094625,0.95
INV-H4-000317,0,,2361575,2361575,0.95
INV-H4-000318,0,,4698159,4698159,0.95
INV-H4-000319,1,unit_price_mismatch|unknown_service,1924475,1918250,0.35
INV-H4-000320,0,,2024262,2024262,0.95
INV-H4-000321,0,,2786067,2786067,0.95
INV-H4-000322,1,unit_price_mismatch|unknown_service,1403375,1402175,0.35
INV-H4-000323,1,invoice_total_mismatch,1905175,1906175,0.9
INV-H4-000324,0,,737415,737415,0.95
INV-H4-000325,0,,1768325,1768325,0.95
INV-H4-000326,0,,3798200,3798200,0.95
INV-H4-000327,1,unit_price_mismatch|unknown_service,2024325,1996725,0.35
INV-H4-000328,0,,917100,917100,0.95
INV-H4-000329,0,,2992320,2992320,0.95
INV-H4-000330,0,,1330250,1330250,0.95
INV-H4-000331,0,,4216333,4216333,0.95
INV-H4-000332,0,,4836400,4836400,0.95
INV-H4-000333,0,,999950,999950,0.95
INV-H4-000334,0,,1071950,1071950,0.95
INV-H4-000335,0,,2045545,2045545,0.95
INV-H4-000336,0,,3783718,3783718,0.95
INV-H4-000337,0,,2762165,2762165,0.95
INV-H4-000338,0,,3339125,3339125,0.95
INV-H4-000339,0,,2489370,2489370,0.95
INV-H4-000340,0,,572600,572600,0.95
INV-H4-000341,0,,5736706,5736706,0.95
INV-H4-000342,0,,1868200,1868200,0.95
INV-H4-000343,0,,1048175,1048175,0.95
INV-H4-000344,0,,2427031,2427031,0.95
INV-H4-000345,0,,2320375,2320375,0.95
INV-H4-000346,0,,4225450,4225450,0.95
INV-H4-000347,0,,1895670,1895670,0.95
INV-H4-000348,0,,2813528,2813528,0.95
INV-H4-000349,0,,2307175,2307175,0.95
INV-H4-000350,0,,3278425,3278425,0.95
INV-H4-000351,0,,5091100,5091100,0.95
INV-H4-000352,1,unit_price_mismatch|unknown_service,1933638,1914963,0.35
INV-H4-000353,0,,981842,981842,0.95
INV-H4-000354,1,unit_price_mismatch|unknown_service,2364050,2357825,0.35
INV-H4-000355,1,unit_price_mismatch|premium_omitted,2858859,2871831,0.75
INV-H4-000356,0,,1230034,1230034,0.95
INV-H4-000357,0,,3397840,3397840,0.95
INV-H4-000358,0,,5154605,5154605,0.95
INV-H4-000359,0,,1946150,1946150,0.95
INV-H4-000360,0,,4291045,4291045,0.95
INV-H4-000361,0,,4042944,4042944,0.95
INV-H4-000362,0,,369425,369425,0.95
INV-H4-000363,1,unknown_service,2873300,2873300,0.35
INV-H4-000364,0,,2238755,2238755,0.95
INV-H4-000365,0,,1747290,1747290,0.95
INV-H4-000366,0,,1394828,1394828,0.95
INV-H4-000367,0,,2149531,2149531,0.95
INV-H4-000368,0,,3021850,3021850,0.95
INV-H4-000369,1,unit_price_mismatch|unknown_service,2591325,2572650,0.35
INV-H4-000370,0,,1554128,1554128,0.95
INV-H4-000371,0,,2884425,2884425,0.95
INV-H4-000372,0,,474575,474575,0.95
INV-H4-000373,0,,3625717,3625717,0.95
INV-H4-000374,0,,2910580,2910580,0.95
INV-H4-000375,0,,1582750,1582750,0.95
INV-H4-000376,0,,462950,462950,0.95
INV-H4-000377,0,,3124106,3124106,0.95
INV-H4-000378,0,,3217278,3217278,0.95
INV-H4-000379,0,,1395600,1395600,0.95
INV-H4-000380,0,,2664950,2664950,0.95
INV-H4-000381,0,,2177615,2177615,0.95
INV-H4-000382,0,,781425,781425,0.95
INV-H4-000383,0,,6154400,6154400,0.95
INV-H4-000384,1,unit_price_mismatch|unknown_service,3827412,3817812,0.35
INV-H4-000385,0,,3064130,3064130,0.95
INV-H4-000386,0,,3023171,3023171,0.95
INV-H4-000387,0,,2340374,2340374,0.95
INV-H4-000388,0,,3044800,3044800,0.95
INV-H4-000389,0,,935125,935125,0.95
INV-H4-000390,0,,621475,621475,0.95
INV-H4-000391,1,service_date_after_invoice_date,1528764,1528764,0.9
INV-H4-000392,0,,1904013,1904013,0.95
INV-H4-000393,0,,4520912,4520912,0.95
INV-H4-000394,0,,3995850,3995850,0.95
INV-H4-000395,0,,4153581,4153581,0.95
INV-H4-000396,0,,4456925,4456925,0.95
INV-H4-000397,0,,4650248,4650248,0.95
INV-H4-000398,0,,2575550,2575550,0.95
INV-H4-000399,0,,1243755,1243755,0.95
INV-H4-000400,0,,1668400,1668400,0.95
INV-H4-000401,0,,2864175,2864175,0.95
INV-H4-000402,0,,3624065,3624065,0.95
INV-H4-000403,0,,1411800,1411800,0.95
INV-H4-000404,0,,1310900,1310900,0.95
INV-H4-000405,0,,5486439,5486439,0.95
INV-H4-000406,0,,2188067,2188067,0.95
INV-H4-000407,0,,4216218,4216218,0.95
INV-H4-000408,0,,2092935,2092935,0.95
INV-H4-000409,0,,1705759,1705759,0.95
INV-H4-000410,0,,2163081,2163081,0.95
INV-H4-000411,0,,3196895,3196895,0.95
INV-H4-000412,0,,3938725,3938725,0.95
INV-H4-000413,0,,2280850,2280850,0.95
INV-H4-000414,0,,2775659,2775659,0.95
INV-H4-000415,0,,1690850,1690850,0.95
INV-H4-000416,0,,5159604,5159604,0.95
INV-H4-000417,0,,1244125,1244125,0.95
INV-H4-000419,0,,1571162,1571162,0.95
INV-H4-000420,0,,5508974,5508974,0.95
INV-H4-000421,0,,4161435,4161435,0.95
INV-H4-000422,0,,3513640,3513640,0.95
INV-H4-000423,0,,749180,749180,0.95
INV-H4-000424,0,,4621760,4621760,0.95
INV-H4-000425,0,,2500834,2500834,0.95
INV-H4-000426,0,,4417800,4417800,0.95
INV-H4-000427,0,,1194800,1194800,0.95
INV-H4-000428,0,,1387328,1387328,0.95
INV-H4-000429,1,unit_price_mismatch|unknown_service,4445255,4444055,0.35
INV-H4-000430,0,,1742210,1742210,0.95
INV-H4-000431,1,exclusion_violation|duplicate_invoice_id,1367225,1837700,0.55
INV-H4-000432,0,,1615914,1615914,0.95
INV-H4-000433,0,,5004761,5004761,0.95
INV-H4-000434,0,,1919075,1919075,0.95
INV-H4-000435,0,,2717875,2717875,0.95
INV-H4-000436,0,,2114075,2114075,0.95
INV-H4-000437,0,,2159768,2159768,0.95
INV-H4-000438,0,,5005975,5005975,0.95
INV-H4-000439,0,,2091075,2091075,0.95
INV-H4-000440,0,,1999100,1999100,0.95
INV-H4-000441,0,,2691882,2691882,0.95
INV-H4-000442,0,,2556305,2556305,0.95
INV-H4-000443,0,,1949435,1949435,0.95
INV-H4-000444,0,,1312964,1312964,0.95
INV-H4-000445,1,service_date_out_of_window|service_date_after_invoice_date,3669725,3669725,0.75
INV-H4-000446,0,,1815828,1815828,0.95
INV-H4-000447,0,,2036000,2036000,0.95
INV-H4-000448,0,,3450611,3450611,0.95
INV-H4-000449,0,,2992325,2992325,0.95
INV-H4-000450,0,,4647850,4647850,0.95
INV-H4-000451,0,,1500000,1500000,0.95
INV-H4-000452,0,,4114000,4114000,0.95
INV-H4-000453,1,unknown_service,956575,956575,0.35
INV-H4-000454,0,,2528295,2528295,0.95
INV-H4-000455,0,,4005775,4005775,0.95
INV-H4-000456,0,,1901874,1901874,0.95
INV-H4-000457,0,,4982560,4982560,0.95
INV-H4-000458,1,cross_invoice_duplicate|unknown_service,1304850,1395600,0.35
INV-H4-000459,0,,2130148,2130148,0.95
INV-H4-000460,0,,1423623,1423623,0.95
INV-H4-000461,0,,2918700,2918700,0.95
INV-H4-000462,0,,3127525,3127525,0.95
INV-H4-000463,0,,3150348,3150348,0.95
INV-H4-000464,0,,1815325,1815325,0.95
INV-H4-000465,0,,813125,813125,0.95
INV-H4-000466,0,,2165475,2165475,0.95
INV-H4-000467,0,,1033045,1033045,0.95
INV-H4-000468,0,,1610125,1610125,0.95
INV-H4-000469,0,,4726099,4726099,0.95
INV-H4-000470,0,,1962575,1962575,0.95
INV-H4-000471,0,,3388150,3388150,0.95
INV-H4-000472,0,,319075,319075,0.95
INV-H4-000473,1,wrong_unit_basis|cross_invoice_duplicate|exclusion_violation,948675,2150500,0.75
INV-H4-000474,0,,2328512,2328512,0.95
INV-H4-000475,1,unit_price_mismatch|unknown_service,2853075,2846850,0.35
INV-H4-000476,0,,3369415,3369415,0.95
INV-H4-000477,0,,3786510,3786510,0.95
INV-H4-000478,0,,745480,745480,0.95
INV-H4-000479,0,,2276637,2276637,0.95
INV-H4-000480,0,,3637753,3637753,0.95
INV-H4-000481,0,,4942445,4942445,0.95
INV-H4-000482,0,,1482230,1482230,0.95
INV-H4-000483,1,daily_cap_exceeded|volume_discount_omitted|invoice_total_mismatch,1452965,1702575,0.75
INV-H4-000484,0,,1817505,1817505,0.95
INV-H4-000485,0,,3201339,3201339,0.95
INV-H4-000486,0,,1222350,1222350,0.95
INV-H4-000487,0,,2159000,2159000,0.95
INV-H4-000488,0,,2643175,2643175,0.95
INV-H4-000489,0,,2629490,2629490,0.95
INV-H4-000490,0,,3143875,3143875,0.95
INV-H4-000491,0,,2202350,2202350,0.95
INV-H4-000492,0,,1855775,1855775,0.95
INV-H4-000493,1,unknown_service,518750,518750,0.35
INV-H4-000494,0,,3132199,3132199,0.95
INV-H4-000495,0,,3619538,3619538,0.95
INV-H4-000496,0,,3774484,3774484,0.95
INV-H4-000497,0,,1524750,1524750,0.95
INV-H4-000498,0,,961550,961550,0.95
INV-H4-000499,0,,3995805,3995805,0.95
INV-H4-000500,0,,1513950,1513950,0.95
INV-H4-000501,0,,4523518,4523518,0.95
INV-H4-000502,0,,1999135,1999135,0.95
INV-H4-000503,0,,1712225,1712225,0.95
INV-H4-000504,1,wrong_unit_basis|invoice_total_mismatch|contract_number_mismatch,970875,995875,0.75
INV-H4-000505,0,,869100,869100,0.95
INV-H4-000506,0,,2175025,2175025,0.95
INV-H4-000507,0,,2749023,2749023,0.95
INV-H4-000508,0,,3608187,3608187,0.95
INV-H4-000509,0,,4767372,4767372,0.95
INV-H4-000510,0,,2136925,2136925,0.95
INV-H4-000511,0,,4246950,4246950,0.95
INV-H4-000512,1,unit_price_mismatch|unknown_service,4889580,4873980,0.35
INV-H4-000513,0,,1561425,1561425,0.95
INV-H4-000514,0,,4107575,4107575,0.95
INV-H4-000515,0,,2782225,2782225,0.95
INV-H4-000516,0,,3061500,3061500,0.95
INV-H4-000518,0,,4478075,4478075,0.95
INV-H4-000519,0,,1958225,1958225,0.95
INV-H4-000520,0,,2382850,2382850,0.95
INV-H4-000521,0,,3804725,3804725,0.95
INV-H4-000522,0,,4733237,4733237,0.95
INV-H4-000523,0,,4206639,4206639,0.95
INV-H4-000524,0,,3601709,3601709,0.95
INV-H4-000525,0,,1219975,1219975,0.95
INV-H4-000526,0,,3121875,3121875,0.95
INV-H4-000527,0,,1093975,1093975,0.95
INV-H4-000528,1,malformed_service_date|bundle_not_applied|unit_price_mismatch|volume_discount_omitted,4814880,4855400,0.55
INV-H4-000529,0,,3951350,3951350,0.95
INV-H4-000530,0,,1279875,1279875,0.95
INV-H4-000531,0,,3067035,3067035,0.95
INV-H4-000532,0,,4765600,4765600,0.95
INV-H4-000533,0,,2634137,2634137,0.95
INV-H4-000534,0,,3648900,3648900,0.95
INV-H4-000535,0,,1740400,1740400,0.95
INV-H4-000536,0,,4072209,4072209,0.95
INV-H4-000537,0,,3505975,3505975,0.95
INV-H4-000538,0,,4808825,4808825,0.95
INV-H4-000539,0,,2899642,2899642,0.95
INV-H4-000540,1,daily_cap_exceeded|contract_number_mismatch,2120125,2195250,0.75
INV-H4-000541,1,wrong_unit_basis,508925,508925,0.9
INV-H4-000542,1,unit_price_mismatch|unknown_service,3529706,3515306,0.35
INV-H4-000543,0,,2661825,2661825,0.95
INV-H4-000544,0,,850425,850425,0.95
INV-H4-000545,0,,2188725,2188725,0.95
INV-H4-000546,1,unit_price_mismatch|unknown_service,5189415,5170740,0.35
INV-H4-000547,0,,2848500,2848500,0.95
INV-H4-000548,0,,2150750,2150750,0.95
INV-H4-000549,0,,1314045,1314045,0.95
INV-H4-000550,0,,2718675,2718675,0.95
INV-H4-000551,0,,4726470,4726470,0.95
INV-H4-000552,0,,2613670,2613670,0.95
INV-H4-000553,0,,1389823,1389823,0.95
INV-H4-000554,1,daily_cap_exceeded|invoice_total_mismatch,3465160,3608010,0.75
INV-H4-000555,0,,3037600,3037600,0.95
INV-H4-000556,0,,2462025,2462025,0.95
INV-H4-000557,0,,885100,885100,0.95
INV-H4-000558,0,,780300,780300,0.95
INV-H4-000559,0,,2734650,2734650,0.95
INV-H4-000560,0,,1908715,1908715,0.95
INV-H4-000561,0,,2180950,2180950,0.95
INV-H4-000562,0,,3083459,3083459,0.95
INV-H4-000563,0,,2708470,2708470,0.95
INV-H4-000564,0,,7493231,7493231,0.95
INV-H4-000565,0,,2389019,2389019,0.95
INV-H4-000566,0,,1810875,1810875,0.95
INV-H4-000567,1,unknown_service,4243042,4243042,0.35
INV-H4-000568,0,,3273649,3273649,0.95
INV-H4-000569,0,,1209815,1209815,0.95
INV-H4-000570,0,,2001370,2001370,0.95
INV-H4-000571,0,,3271200,3271200,0.95
INV-H4-000572,0,,3946500,3946500,0.95
INV-H4-000573,0,,2637500,2637500,0.95
INV-H4-000574,0,,2526375,2526375,0.95
INV-H4-000575,0,,3853715,3853715,0.95
INV-H4-000576,1,malformed_service_date|daily_cap_exceeded|unknown_service,5831530,5976355,0.35
INV-H4-000577,0,,4553440,4553440,0.95
INV-H4-000578,0,,2235025,2235025,0.95
INV-H4-000579,1,unit_price_mismatch|unknown_service,2448905,2424905,0.35
INV-H4-000580,0,,1117339,1117339,0.95
INV-H4-000581,1,volume_discount_omitted,2268205,2302975,0.9
INV-H4-000582,0,,4708705,4708705,0.95
INV-H4-000583,1,bundle_not_applied|unit_price_mismatch,819575,947375,0.75
INV-H4-000584,0,,1647943,1647943,0.95
INV-H4-000585,0,,1713400,1713400,0.95
INV-H4-000586,0,,444550,444550,0.95
INV-H4-000587,0,,2443681,2443681,0.95
INV-H4-000588,1,unknown_service,1840275,1840275,0.35
INV-H4-000589,0,,3425185,3425185,0.95
INV-H4-000590,0,,3595040,3595040,0.95
INV-H4-000591,0,,1112500,1112500,0.95
INV-H4-000592,0,,4009573,4009573,0.95
INV-H4-000593,0,,3851318,3851318,0.95
INV-H4-000594,0,,1837253,1837253,0.95
INV-H4-000595,0,,2082855,2082855,0.95
INV-H4-000596,0,,2855821,2855821,0.95
INV-H4-000597,0,,2486830,2486830,0.95
INV-H4-000598,0,,4099350,4099350,0.95
INV-H4-000599,0,,2096500,2096500,0.95
INV-H4-000600,0,,3565575,3565575,0.95
INV-H4-000601,0,,3781810,3781810,0.95
INV-H4-000602,0,,2142825,2142825,0.95
INV-H4-000603,0,,3770800,3770800,0.95
INV-H4-000604,0,,1621650,1621650,0.95
INV-H4-000605,0,,3585475,3585475,0.95
INV-H4-000606,0,,1507055,1507055,0.95
INV-H4-000607,1,duplicate_invoice_id,1108400,1108400,0.55
INV-H4-000608,1,unit_price_mismatch|unknown_service,1682239,1664239,0.35
INV-H4-000609,1,daily_cap_exceeded,4963775,5398250,0.9
INV-H4-000610,1,line_total_arithmetic|bundle_not_applied|unit_price_mismatch,4533825,4561975,0.75
INV-H4-000611,0,,3332930,3332930,0.95
INV-H4-000612,0,,2471840,2471840,0.95
INV-H4-000613,0,,2217730,2217730,0.95
INV-H4-000614,0,,4461675,4461675,0.95
INV-H4-000615,0,,4244409,4244409,0.95
INV-H4-000616,0,,3279536,3279536,0.95
INV-H4-000617,0,,2334775,2334775,0.95
INV-H4-000618,0,,3254675,3254675,0.95
INV-H4-000619,0,,3328475,3328475,0.95
INV-H4-000620,0,,1083025,1083025,0.95
INV-H4-000621,0,,1560911,1560911,0.95
INV-H4-000622,0,,1257650,1257650,0.95
INV-H4-000623,0,,884450,884450,0.95
INV-H4-000624,1,premium_omitted,2922222,2910328,0.9
INV-H4-000625,0,,1569900,1569900,0.95
INV-H4-000626,0,,3093825,3093825,0.95
INV-H4-000627,0,,969075,969075,0.95
INV-H4-000628,0,,3304380,3304380,0.95
INV-H4-000629,0,,2322425,2322425,0.95
INV-H4-000630,0,,3730150,3730150,0.95
INV-H4-000631,0,,562550,562550,0.95
INV-H4-000632,0,,1680900,1680900,0.95
INV-H4-000633,0,,1744140,1744140,0.95
INV-H4-000634,0,,1176432,1176432,0.95
INV-H4-000635,0,,2084625,2084625,0.95
INV-H4-000636,1,unknown_service,4257325,4257325,0.35
INV-H4-000637,0,,1806775,1806775,0.95
INV-H4-000638,0,,2369312,2369312,0.95
INV-H4-000639,0,,1240762,1240762,0.95
INV-H4-000640,0,,2887285,2887285,0.95
INV-H4-000641,0,,2581878,2581878,0.95
INV-H4-000642,0,,1023125,1023125,0.95
INV-H4-000643,0,,3115925,3115925,0.95
INV-H4-000644,0,,4183193,4183193,0.95
INV-H4-000645,1,unit_price_mismatch|premium_omitted,2426707,2403195,0.75
INV-H4-000646,0,,3805850,3805850,0.95
INV-H4-000647,0,,2026415,2026415,0.95
INV-H4-000648,1,wrong_unit_basis|unit_price_mismatch|volume_discount_omitted,1764143,1874237,0.75
INV-H4-000649,0,,2106550,2106550,0.95
INV-H4-000650,0,,2116750,2116750,0.95
INV-H4-000651,0,,977050,977050,0.95
INV-H4-000652,0,,1492585,1492585,0.95
INV-H4-000653,0,,2666650,2666650,0.95
INV-H4-000654,0,,3748150,3748150,0.95
INV-H4-000655,0,,4162200,4162200,0.95
INV-H4-000656,0,,1691450,1691450,0.95
INV-H4-000657,0,,4346156,4346156,0.95
INV-H4-000658,1,wrong_unit_basis|exclusion_violation|unit_price_mismatch|unknown_service,2959725,3976687,0.35
INV-H4-000659,0,,2713235,2713235,0.95
INV-H4-000660,0,,2015770,2015770,0.95
INV-H4-000661,0,,3400815,3400815,0.95
INV-H4-000662,0,,1487887,1487887,0.95
INV-H4-000663,0,,1160487,1160487,0.95
INV-H4-000664,0,,4715005,4715005,0.95
INV-H4-000665,1,bundle_not_applied|unit_price_mismatch|premium_omitted,3801435,3833775,0.75
INV-H4-000666,0,,2705900,2705900,0.95
INV-H4-000667,0,,1037685,1037685,0.95
INV-H4-000668,0,,3767380,3767380,0.95
INV-H4-000669,0,,2036050,2036050,0.95
INV-H4-000670,0,,2221300,2221300,0.95
INV-H4-000671,0,,2843843,2843843,0.95
INV-H4-000672,0,,1800325,1800325,0.95
INV-H4-000673,0,,3223381,3223381,0.95
INV-H4-000674,0,,2906505,2906505,0.95
INV-H4-000675,0,,1600225,1600225,0.95
INV-H4-000676,0,,2990973,2990973,0.95
INV-H4-000677,0,,2040712,2040712,0.95
INV-H4-000678,1,malformed_service_date|service_date_after_invoice_date|unknown_service,3039017,3039017,0.35
INV-H4-000679,0,,3569404,3569404,0.95
INV-H4-000680,1,unit_price_mismatch|unknown_service,3865400,3846725,0.35
INV-H4-000681,0,,2447300,2447300,0.95
INV-H4-000682,0,,2394425,2394425,0.95
INV-H4-000683,0,,3566465,3566465,0.95
INV-H4-000684,0,,2758763,2758763,0.95
INV-H4-000685,0,,888575,888575,0.95
INV-H4-000686,0,,993150,993150,0.95
INV-H4-000687,0,,2130175,2130175,0.95
INV-H4-000688,0,,2147980,2147980,0.95
INV-H4-000689,0,,311150,311150,0.95
INV-H4-000690,0,,2240395,2240395,0.95
INV-H4-000691,1,service_date_after_invoice_date|wrong_unit_basis|bundle_not_applied|unit_price_mismatch|unknown_service,4044490,4074340,0.35
INV-H4-000692,1,unit_price_mismatch|premium_omitted,862739,852437,0.75
INV-H4-000693,1,service_date_out_of_window|cross_invoice_duplicate,1713825,1856825,0.75
INV-H4-000694,0,,2726750,2726750,0.95
INV-H4-000695,0,,2497850,2497850,0.95
INV-H4-000696,0,,3217300,3217300,0.95
INV-H4-000697,0,,654798,654798,0.95
INV-H4-000698,0,,2551180,2551180,0.95
INV-H4-000699,0,,2322125,2322125,0.95
INV-H4-000700,1,malformed_service_date|unknown_service,1300625,1300625,0.35
INV-H4-000701,0,,3883275,3883275,0.95
INV-H4-000702,0,,3624763,3624763,0.95
INV-H4-000703,0,,1270725,1270725,0.95
INV-H4-000704,0,,2061525,2061525,0.95
INV-H4-000705,0,,3597659,3597659,0.95
INV-H4-000706,0,,3315425,3315425,0.95
INV-H4-000707,0,,3779025,3779025,0.95
INV-H4-000708,0,,1879075,1879075,0.95
INV-H4-000709,0,,4613225,4613225,0.95
INV-H4-000710,0,,508550,508550,0.95
INV-H4-000711,0,,4676031,4676031,0.95
INV-H4-000712,0,,2480463,2480463,0.95
INV-H4-000713,0,,2609056,2609056,0.95
INV-H4-000714,0,,1716180,1716180,0.95
INV-H4-000715,0,,3523710,3523710,0.95
INV-H4-000716,0,,2696280,2696280,0.95
INV-H4-000717,0,,475025,475025,0.95
INV-H4-000718,0,,1570300,1570300,0.95
INV-H4-000719,1,line_total_arithmetic,2371128,2370128,0.9
INV-H4-000720,0,,576907,576907,0.95
INV-H4-000721,0,,3096676,3096676,0.95
INV-H4-000722,0,,4852900,4852900,0.95
INV-H4-000723,0,,3752837,3752837,0.95
INV-H4-000724,1,service_date_out_of_window|wrong_unit_basis|bundle_not_applied|unit_price_mismatch,3027440,3060765,0.75
INV-H4-000725,0,,2760625,2760625,0.95
INV-H4-000726,0,,2226275,2226275,0.95
INV-H4-000727,1,unit_price_mismatch|unknown_service,3563410,3550960,0.35
INV-H4-000728,0,,988325,988325,0.95
INV-H4-000729,1,unit_price_mismatch|unknown_service,3590245,3571570,0.35
INV-H4-000730,0,,3828225,3828225,0.95
INV-H4-000731,0,,1739600,1739600,0.95
INV-H4-000732,0,,2127850,2127850,0.95
INV-H4-000733,0,,1170500,1170500,0.95
INV-H4-000734,0,,1957634,1957634,0.95
INV-H4-000735,0,,402050,402050,0.95
INV-H4-000736,0,,1610150,1610150,0.95
INV-H4-000737,0,,2255325,2255325,0.95
INV-H4-000738,0,,1984399,1984399,0.95
INV-H4-000739,0,,5045945,5045945,0.95
INV-H4-000740,0,,3097325,3097325,0.95
INV-H4-000741,0,,3319825,3319825,0.95
INV-H4-000742,0,,2724195,2724195,0.95
INV-H4-000743,0,,3407070,3407070,0.95
INV-H4-000744,0,,2601325,2601325,0.95
INV-H4-000745,0,,1792890,1792890,0.95
INV-H4-000746,0,,3566609,3566609,0.95
INV-H4-000747,0,,805650,805650,0.95
INV-H4-000748,0,,1131650,1131650,0.95
INV-H4-000749,0,,3224700,3224700,0.95
INV-H4-000750,0,,1496250,1496250,0.95
INV-H4-000751,0,,2840731,2840731,0.95
INV-H4-000752,0,,990930,990930,0.95
INV-H4-000753,0,,3517100,3517100,0.95
INV-H4-000754,0,,2006700,2006700,0.95
INV-H4-000755,0,,2406204,2406204,0.95
INV-H4-000756,0,,3326915,3326915,0.95
INV-H4-000757,0,,1616780,1616780,0.95
INV-H4-000758,0,,3047730,3047730,0.95
INV-H4-000759,0,,2824475,2824475,0.95
INV-H4-000760,1,unit_price_mismatch|unknown_service,2080100,2061425,0.35
INV-H4-000761,0,,3057850,3057850,0.95
INV-H4-000762,0,,1098550,1098550,0.95
INV-H4-000763,1,unit_price_mismatch|unknown_service,3240509,3228059,0.35
INV-H4-000764,0,,4144255,4144255,0.95
INV-H4-000765,1,unit_price_mismatch|unknown_service,2630560,2605360,0.35
INV-H4-000766,0,,2817475,2817475,0.95
INV-H4-000767,0,,2274835,2274835,0.95
INV-H4-000768,0,,1314300,1314300,0.95
INV-H4-000769,0,,1986350,1986350,0.95
INV-H4-000770,0,,2739165,2739165,0.95
INV-H4-000771,0,,1482775,1482775,0.95
INV-H4-000772,0,,4537660,4537660,0.95
INV-H4-000773,0,,2910695,2910695,0.95
INV-H4-000774,0,,1531025,1531025,0.95
INV-H4-000775,0,,974850,974850,0.95
INV-H4-000776,0,,3020525,3020525,0.95
INV-H4-000777,1,volume_discount_omitted,5943356,5973150,0.9
INV-H4-000778,0,,1645675,1645675,0.95
INV-H4-000779,1,unit_price_mismatch|unknown_service,2951527,2932852,0.35
INV-H4-000780,0,,2060075,2060075,0.95
INV-H4-000781,0,,5140475,5140475,0.95
INV-H4-000782,0,,3270350,3270350,0.95
INV-H4-000783,0,,1637150,1637150,0.95
INV-H4-000784,0,,5672100,5672100,0.95
INV-H4-000785,0,,1734650,1734650,0.95
INV-H4-000786,0,,3089870,3089870,0.95
INV-H4-000788,0,,1575550,1575550,0.95
INV-H4-000789,0,,4974786,4974786,0.95
INV-H4-000790,0,,1579048,1579048,0.95
INV-H4-000791,0,,4221708,4221708,0.95
INV-H4-000792,0,,2301500,2301500,0.95
INV-H4-000793,0,,2204775,2204775,0.95
INV-H4-000794,0,,785665,785665,0.95
INV-H4-000795,1,unknown_service,5008875,5008875,0.35
INV-H4-000796,0,,2077075,2077075,0.95
INV-H4-000797,0,,2429475,2429475,0.95
INV-H4-000798,0,,3689755,3689755,0.95
INV-H4-000799,0,,2573075,2573075,0.95
INV-H4-000800,0,,1103000,1103000,0.95
INV-H4-000801,0,,933981,933981,0.95
INV-H4-000802,0,,3248500,3248500,0.95
INV-H4-000803,0,,1133514,1133514,0.95
INV-H4-000804,0,,3283325,3283325,0.95
INV-H4-000805,1,unknown_service,3568400,3568400,0.35
INV-H4-000806,0,,1996500,1996500,0.95
INV-H4-000807,0,,3458819,3458819,0.95
INV-H4-000808,0,,4322513,4322513,0.95
INV-H4-000809,0,,1522809,1522809,0.95
INV-H4-000810,0,,2774093,2774093,0.95
INV-H4-000811,0,,367825,367825,0.95
INV-H4-000812,0,,5447044,5447044,0.95
INV-H4-000813,0,,3503740,3503740,0.95
INV-H4-000814,0,,3118300,3118300,0.95
INV-H4-000815,0,,3135844,3135844,0.95
INV-H4-000816,0,,3280925,3280925,0.95
INV-H4-000817,0,,2182000,2182000,0.95
INV-H4-000818,0,,3531472,3531472,0.95
INV-H4-000819,0,,3072630,3072630,0.95
INV-H4-000820,0,,2766785,2766785,0.95
INV-H4-000821,0,,1685850,1685850,0.95
INV-H4-000822,0,,2784216,2784216,0.95
INV-H4-000823,0,,2781425,2781425,0.95
INV-H4-000824,0,,4084125,4084125,0.95
INV-H4-000825,0,,1076650,1076650,0.95
INV-H4-000826,0,,1664025,1664025,0.95
INV-H4-000827,0,,5327380,5327380,0.95
INV-H4-000828,0,,3552875,3552875,0.95
INV-H4-000829,0,,1610375,1610375,0.95
INV-H4-000830,0,,2539580,2539580,0.95
INV-H4-000831,0,,2170420,2170420,0.95
INV-H4-000832,0,,2143525,2143525,0.95
INV-H4-000833,0,,2619940,2619940,0.95
INV-H4-000834,0,,2226125,2226125,0.95
INV-H4-000835,0,,3111550,3111550,0.95
INV-H4-000836,0,,4279600,4279600,0.95
INV-H4-000837,1,unit_price_mismatch|unknown_service,1510725,1498275,0.35
INV-H4-000838,0,,1373870,1373870,0.95
INV-H4-000840,0,,3187825,3187825,0.95
INV-H5-000001,1,service_date_after_invoice_date|line_total_arithmetic|duplicate_invoice_id,1765346,1790346,0.55
INV-H5-000002,0,,4279378,4279378,0.95
INV-H5-000003,0,,3060861,3060861,0.95
INV-H5-000004,0,,2394252,2394252,0.95
INV-H5-000005,0,,1284813,1284813,0.95
INV-H5-000006,0,,3572873,3572873,0.95
INV-H5-000007,0,,5985654,5985654,0.95
INV-H5-000008,0,,2927504,2927504,0.95
INV-H5-000009,0,,4782919,4782919,0.95
INV-H5-000010,0,,2530893,2530893,0.95
INV-H5-000011,0,,2091174,2091174,0.95
INV-H5-000012,0,,2610439,2610439,0.95
INV-H5-000013,0,,2370617,2370617,0.95
INV-H5-000014,0,,1013030,1013030,0.95
INV-H5-000015,1,premium_omitted|weekend_uplift_omitted|volume_discount_incorrectly_applied,3886032,3733765,0.75
INV-H5-000016,0,,3197587,3197587,0.95
INV-H5-000017,0,,1203384,1203384,0.95
INV-H5-000018,0,,2415728,2415728,0.95
INV-H5-000019,0,,5587482,5587482,0.95
INV-H5-000020,0,,2968274,2968274,0.95
INV-H5-000021,0,,3209579,3209579,0.95
INV-H5-000022,0,,1706589,1706589,0.95
INV-H5-000023,0,,1458945,1458945,0.95
INV-H5-000024,0,,4015825,4015825,0.95
INV-H5-000025,0,,501836,501836,0.95
INV-H5-000026,0,,3566663,3566663,0.95
INV-H5-000027,0,,1617459,1617459,0.95
INV-H5-000028,0,,2631208,2631208,0.95
INV-H5-000029,0,,3084149,3084149,0.95
INV-H5-000030,0,,1574328,1574328,0.95
INV-H5-000031,0,,2851887,2851887,0.95
INV-H5-000032,0,,3398235,3398235,0.95
INV-H5-000033,0,,1848070,1848070,0.95
INV-H5-000034,1,malformed_service_date|exclusion_violation|unknown_service,1388953,1586458,0.35
INV-H5-000035,0,,2989060,2989060,0.95
INV-H5-000036,0,,1441175,1441175,0.95
INV-H5-000037,0,,2358514,2358514,0.95
INV-H5-000038,0,,4032028,4032028,0.95
INV-H5-000039,0,,420880,420880,0.95
INV-H5-000040,0,,4637007,4637007,0.95
INV-H5-000041,0,,2994005,2994005,0.95
INV-H5-000042,0,,1736302,1736302,0.95
INV-H5-000043,0,,884375,884375,0.95
INV-H5-000044,0,,3888004,3888004,0.95
INV-H5-000045,0,,3095919,3095919,0.95
INV-H5-000046,1,wrong_unit_basis|unknown_service,2819235,2819235,0.35
INV-H5-000047,0,,6286080,6286080,0.95
INV-H5-000048,0,,1377165,1377165,0.95
INV-H5-000049,0,,2676455,2676455,0.95
INV-H5-000050,0,,5649146,5649146,0.95
INV-H5-000051,0,,1013625,1013625,0.95
INV-H5-000052,0,,3031372,3031372,0.95
INV-H5-000053,0,,3546215,3546215,0.95
INV-H5-000054,0,,1736920,1736920,0.95
INV-H5-000055,0,,3080927,3080927,0.95
INV-H5-000056,0,,1386580,1386580,0.95
INV-H5-000057,0,,1142125,1142125,0.95
INV-H5-000058,0,,1704563,1704563,0.95
INV-H5-000059,0,,1341728,1341728,0.95
INV-H5-000060,0,,1840486,1840486,0.95
INV-H5-000061,0,,1191268,1191268,0.95
INV-H5-000062,0,,4173307,4173307,0.95
INV-H5-000063,0,,7208783,7208783,0.95
INV-H5-000064,0,,2780762,2780762,0.95
INV-H5-000065,0,,2588563,2588563,0.95
INV-H5-000066,0,,3033515,3033515,0.95
INV-H5-000067,0,,1833897,1833897,0.95
INV-H5-000068,0,,3548528,3548528,0.95
INV-H5-000069,0,,2943997,2943997,0.95
INV-H5-000070,0,,3165698,3165698,0.95
INV-H5-000071,0,,1567731,1567731,0.95
INV-H5-000072,0,,993866,993866,0.95
INV-H5-000073,1,plan_tier_multiplier_misapplied|invoice_total_mismatch|unknown_service,1689586,1718945,0.35
INV-H5-000074,1,service_date_out_of_window|contract_number_mismatch|duplicate_invoice_id,3046447,3046447,0.55
INV-H5-000075,0,,3593629,3593629,0.95
INV-H5-000076,1,volume_discount_incorrectly_applied|plan_tier_multiplier_misapplied|duplicate_invoice_id,3138255,3061300,0.55
INV-H5-000077,1,service_date_after_invoice_date,1575041,1575041,0.9
INV-H5-000078,0,,2806193,2806193,0.95
INV-H5-000079,0,,5567277,5567277,0.95
INV-H5-000080,0,,2025048,2025048,0.95
INV-H5-000081,0,,1084993,1084993,0.95
INV-H5-000082,0,,1637440,1637440,0.95
INV-H5-000083,0,,1869011,1869011,0.95
INV-H5-000084,0,,2763677,2763677,0.95
INV-H5-000085,0,,4885357,4885357,0.95
INV-H5-000086,0,,6564875,6564875,0.95
INV-H5-000087,0,,415087,415087,0.95
INV-H5-000088,0,,1559454,1559454,0.95
INV-H5-000089,0,,5946686,5946686,0.95
INV-H5-000090,0,,1712643,1712643,0.95
INV-H5-000091,1,facility_multiplier_misapplied|plan_tier_multiplier_misapplied|invoice_total_mismatch,2620562,2533713,0.75
INV-H5-000092,0,,891912,891912,0.95
INV-H5-000093,0,,5022395,5022395,0.95
INV-H5-000094,0,,2728254,2728254,0.95
INV-H5-000095,0,,1254832,1254832,0.95
INV-H5-000096,0,,1671486,1671486,0.95
INV-H5-000097,0,,1973736,1973736,0.95
INV-H5-000098,0,,4627024,4627024,0.95
INV-H5-000099,0,,2440671,2440671,0.95
INV-H5-000100,0,,3030550,3030550,0.95
INV-H5-000101,0,,2682767,2682767,0.95
INV-H5-000102,1,wrong_unit_basis,3415440,3415440,0.9
INV-H5-000103,0,,2369452,2369452,0.95
INV-H5-000105,0,,2749081,2749081,0.95
INV-H5-000106,0,,3869792,3869792,0.95
INV-H5-000107,0,,6115057,6115057,0.95
INV-H5-000108,0,,3979059,3979059,0.95
INV-H5-000109,1,unit_price_mismatch|premium_incorrectly_applied,5365694,5397917,0.75
INV-H5-000110,0,,2692178,2692178,0.95
INV-H5-000111,0,,1925725,1925725,0.95
INV-H5-000112,0,,1604708,1604708,0.95
INV-H5-000113,0,,1374270,1374270,0.95
INV-H5-000114,0,,1425235,1425235,0.95
INV-H5-000115,0,,1825298,1825298,0.95
INV-H5-000116,0,,5060906,5060906,0.95
INV-H5-000117,1,malformed_service_date|volume_discount_incorrectly_applied|unknown_service,4017288,3951859,0.35
INV-H5-000118,0,,2388510,2388510,0.95
INV-H5-000119,0,,1348026,1348026,0.95
INV-H5-000120,0,,4887416,4887416,0.95
INV-H5-000121,0,,1266541,1266541,0.95
INV-H5-000122,0,,959841,959841,0.95
INV-H5-000123,0,,4309429,4309429,0.95
INV-H5-000124,0,,5538192,5538192,0.95
INV-H5-000125,0,,2107475,2107475,0.95
INV-H5-000126,0,,2992540,2992540,0.95
INV-H5-000127,0,,5601683,5601683,0.95
INV-H5-000128,0,,1094027,1094027,0.95
INV-H5-000129,0,,2897009,2897009,0.95
INV-H5-000130,0,,3938158,3938158,0.95
INV-H5-000131,0,,2360933,2360933,0.95
INV-H5-000132,1,weekend_uplift_incorrectly_applied,2395988,2477518,0.8
INV-H5-000133,0,,3166443,3166443,0.95
INV-H5-000134,0,,965478,965478,0.95
INV-H5-000135,0,,2186524,2186524,0.95
INV-H5-000136,0,,1745497,1745497,0.95
INV-H5-000137,0,,4432064,4432064,0.95
INV-H5-000138,0,,1443715,1443715,0.95
INV-H5-000139,0,,2495956,2495956,0.95
INV-H5-000140,0,,3331663,3331663,0.95
INV-H5-000141,0,,2430635,2430635,0.95
INV-H5-000142,0,,1393263,1393263,0.95
INV-H5-000143,0,,5853254,5853254,0.95
INV-H5-000144,0,,1840587,1840587,0.95
INV-H5-000145,0,,2342674,2342674,0.95
INV-H5-000146,0,,2603965,2603965,0.95
INV-H5-000147,1,line_total_arithmetic|volume_discount_omitted|contract_number_mismatch,1011781,1032581,0.75
INV-H5-000148,0,,3708048,3708048,0.95
INV-H5-000149,0,,1192595,1192595,0.95
INV-H5-000150,0,,5213628,5213628,0.95
INV-H5-000151,0,,1819366,1819366,0.95
INV-H5-000152,0,,979169,979169,0.95
INV-H5-000153,0,,1299283,1299283,0.95
INV-H5-000154,0,,1217400,1217400,0.95
INV-H5-000155,0,,2042963,2042963,0.95
INV-H5-000156,0,,5230865,5230865,0.95
INV-H5-000157,0,,989403,989403,0.95
INV-H5-000158,0,,5073740,5073740,0.95
INV-H5-000159,0,,5851546,5851546,0.95
INV-H5-000160,1,volume_discount_incorrectly_applied|invoice_total_mismatch,2546019,2410731,0.75
INV-H5-000161,0,,2781086,2781086,0.95
INV-H5-000162,0,,3502745,3502745,0.95
INV-H5-000163,1,volume_discount_omitted,2631581,2638415,0.9
INV-H5-000164,1,daily_cap_exceeded,4988191,5782441,0.9
INV-H5-000165,0,,5201663,5201663,0.95
INV-H5-000166,0,,2295203,2295203,0.95
INV-H5-000167,0,,1958396,1958396,0.95
INV-H5-000168,0,,492371,492371,0.95
INV-H5-000169,0,,1528372,1528372,0.95
INV-H5-000170,1,cross_invoice_duplicate|unit_price_mismatch|duplicate_invoice_id,2267733,2575249,0.55
INV-H5-000171,1,unit_price_mismatch|invoice_total_mismatch|unknown_service,2830349,2939365,0.35
INV-H5-000172,0,,2060957,2060957,0.95
INV-H5-000173,0,,4368712,4368712,0.95
INV-H5-000174,0,,4402790,4402790,0.95
INV-H5-000175,0,,6441555,6441555,0.95
INV-H5-000176,0,,754959,754959,0.95
INV-H5-000177,0,,2431314,2431314,0.95
INV-H5-000178,0,,1341779,1341779,0.95
INV-H5-000179,0,,2959931,2959931,0.95
INV-H5-000180,0,,5114274,5114274,0.95
INV-H5-000181,0,,1943470,1943470,0.95
INV-H5-000182,0,,2723846,2723846,0.95
INV-H5-000183,0,,611744,611744,0.95
INV-H5-000184,0,,5973165,5973165,0.95
INV-H5-000185,0,,2144815,2144815,0.95
INV-H5-000186,0,,4871808,4871808,0.95
INV-H5-000187,0,,1696206,1696206,0.95
INV-H5-000188,0,,2467403,2467403,0.95
INV-H5-000189,0,,5210763,5210763,0.95
INV-H5-000190,1,malformed_service_date|daily_cap_exceeded|invoice_total_mismatch,3606599,3594469,0.55
INV-H5-000191,0,,2828264,2828264,0.95
INV-H5-000192,0,,2729723,2729723,0.95
INV-H5-000193,0,,1192291,1192291,0.95
INV-H5-000194,0,,1741926,1741926,0.95
INV-H5-000195,0,,3622857,3622857,0.95
INV-H5-000196,0,,4867719,4867719,0.95
INV-H5-000197,1,volume_discount_incorrectly_applied,3398989,3362731,0.8
INV-H5-000198,0,,3668272,3668272,0.95
INV-H5-000199,0,,1913793,1913793,0.95
INV-H5-000200,0,,3818816,3818816,0.95
INV-H5-000201,0,,1948379,1948379,0.95
INV-H5-000202,0,,1559673,1559673,0.95
INV-H5-000203,0,,3676902,3676902,0.95
INV-H5-000204,0,,2237067,2237067,0.95
INV-H5-000205,0,,4549107,4549107,0.95
INV-H5-000206,0,,2432220,2432220,0.95
INV-H5-000207,0,,1690030,1690030,0.95
INV-H5-000208,0,,1467080,1467080,0.95
INV-H5-000209,1,contract_number_mismatch|unknown_service,2696117,2696117,0.35
INV-H5-000210,0,,2003693,2003693,0.95
INV-H5-000211,0,,476248,476248,0.95
INV-H5-000212,0,,1700233,1700233,0.95
INV-H5-000213,0,,2219209,2219209,0.95
INV-H5-000214,0,,3483665,3483665,0.95
INV-H5-000215,1,wrong_unit_basis|line_total_arithmetic|contract_number_mismatch,3637056,3612056,0.75
INV-H5-000216,0,,4189160,4189160,0.95
INV-H5-000217,0,,2739145,2739145,0.95
INV-H5-000218,0,,2324118,2324118,0.95
INV-H5-000219,0,,2291335,2291335,0.95
INV-H5-000220,1,cross_invoice_duplicate|exclusion_violation|weekend_uplift_omitted,1387586,1458910,0.75
INV-H5-000221,0,,1252228,1252228,0.95
INV-H5-000222,0,,2145806,2145806,0.95
INV-H5-000223,0,,3641448,3641448,0.95
INV-H5-000224,1,malformed_service_date,4711155,4711155,0.55
INV-H5-000225,0,,2353133,2353133,0.95
INV-H5-000226,0,,4310326,4310326,0.95
INV-H5-000227,0,,2996772,2996772,0.95
INV-H5-000228,0,,1674950,1674950,0.95
INV-H5-000229,0,,2525002,2525002,0.95
INV-H5-000230,0,,2166107,2166107,0.95
INV-H5-000231,0,,2501336,2501336,0.95
INV-H5-000233,0,,2668108,2668108,0.95
INV-H5-000234,0,,2702803,2702803,0.95
INV-H5-000235,0,,2739452,2739452,0.95
INV-H5-000236,1,facility_multiplier_misapplied,6667569,6611716,0.8
INV-H5-000237,0,,4095315,4095315,0.95
INV-H5-000238,0,,3804326,3804326,0.95
INV-H5-000239,0,,1978606,1978606,0.95
INV-H5-000240,0,,2668238,2668238,0.95
INV-H5-000241,0,,791180,791180,0.95
INV-H5-000242,0,,2273469,2273469,0.95
INV-H5-000243,0,,1460165,1460165,0.95
INV-H5-000244,0,,2297415,2297415,0.95
INV-H5-000245,0,,1891041,1891041,0.95
INV-H5-000246,0,,3442900,3442900,0.95
INV-H5-000247,0,,3428439,3428439,0.95
INV-H5-000248,0,,5428929,5428929,0.95
INV-H5-000249,0,,5021850,5021850,0.95
INV-H5-000250,0,,1189113,1189113,0.95
INV-H5-000251,0,,2064773,2064773,0.95
INV-H5-000252,0,,3096373,3096373,0.95
INV-H5-000253,0,,1356969,1356969,0.95
INV-H5-000254,0,,5769185,5769185,0.95
INV-H5-000255,0,,3813029,3813029,0.95
INV-H5-000256,0,,2929364,2929364,0.95
INV-H5-000257,0,,1942973,1942973,0.95
INV-H5-000258,0,,2362807,2362807,0.95
INV-H5-000259,0,,1748709,1748709,0.95
INV-H5-000260,1,contract_number_mismatch|duplicate_invoice_id,3972024,3972024,0.55
INV-H5-000261,0,,3350268,3350268,0.95
INV-H5-000262,0,,1744920,1744920,0.95
INV-H5-000264,0,,3724362,3724362,0.95
INV-H5-000265,0,,5411328,5411328,0.95
INV-H5-000266,0,,1350486,1350486,0.95
INV-H5-000267,0,,1369334,1369334,0.95
INV-H5-000268,0,,2965443,2965443,0.95
INV-H5-000269,0,,1695975,1695975,0.95
INV-H5-000270,0,,3541967,3541967,0.95
INV-H5-000271,0,,3460030,3460030,0.95
INV-H5-000272,0,,3664101,3664101,0.95
INV-H5-000273,0,,1406332,1406332,0.95
INV-H5-000274,0,,2399839,2399839,0.95
INV-H5-000275,0,,1848095,1848095,0.95
INV-H5-000276,0,,3189413,3189413,0.95
INV-H5-000277,0,,1806405,1806405,0.95
INV-H5-000278,0,,2230836,2230836,0.95
INV-H5-000279,0,,2927000,2927000,0.95
INV-H5-000280,0,,1908057,1908057,0.95
INV-H5-000281,0,,2211040,2211040,0.95
INV-H5-000282,0,,1528923,1528923,0.95
INV-H5-000283,0,,2961850,2961850,0.95
INV-H5-000284,0,,3061986,3061986,0.95
INV-H5-000285,1,line_total_arithmetic,2975929,2974929,0.9
INV-H5-000286,0,,4767432,4767432,0.95
INV-H5-000287,0,,3476965,3476965,0.95
INV-H5-000288,0,,1491262,1491262,0.95
INV-H5-000289,1,invoice_total_mismatch,2941899,3041899,0.9
INV-H5-000290,0,,2034423,2034423,0.95
INV-H5-000291,0,,2059007,2059007,0.95
INV-H5-000292,0,,764510,764510,0.95
INV-H5-000293,0,,4026843,4026843,0.95
INV-H5-000294,1,wrong_unit_basis|unknown_service,928839,928839,0.35
INV-H5-000295,0,,3107443,3107443,0.95
INV-H5-000296,0,,4052077,4052077,0.95
INV-H5-000297,1,exclusion_violation,4405777,4565827,0.9
INV-H5-000298,1,facility_multiplier_misapplied|contract_number_mismatch,968734,956734,0.75
INV-H5-000299,0,,3298925,3298925,0.95
INV-H5-000300,0,,2088249,2088249,0.95
INV-H5-000301,0,,3475129,3475129,0.95
INV-H5-000302,0,,704292,704292,0.95
INV-H5-000303,0,,2917273,2917273,0.95
INV-H5-000304,0,,3621408,3621408,0.95
INV-H5-000305,0,,1581412,1581412,0.95
INV-H5-000306,0,,1577419,1577419,0.95
INV-H5-000307,0,,5262100,5262100,0.95
INV-H5-000308,0,,907155,907155,0.95
INV-H5-000309,0,,1074118,1074118,0.95
INV-H5-000310,0,,700952,700952,0.95
INV-H5-000311,1,service_date_out_of_window|cross_invoice_duplicate|duplicate_invoice_id,3088424,3119824,0.55
INV-H5-000312,1,unit_price_mismatch|unknown_service,4094776,4120545,0.35
INV-H5-000313,0,,3839281,3839281,0.95
INV-H5-000314,0,,2037793,2037793,0.95
INV-H5-000315,0,,1174395,1174395,0.95
INV-H5-000316,0,,6024728,6024728,0.95
INV-H5-000317,0,,1332114,1332114,0.95
INV-H5-000318,0,,4906000,4906000,0.95
INV-H5-000319,0,,4256100,4256100,0.95
INV-H5-000320,0,,3560326,3560326,0.95
INV-H5-000321,0,,3868727,3868727,0.95
INV-H5-000322,0,,5509273,5509273,0.95
INV-H5-000323,0,,3550307,3550307,0.95
INV-H5-000324,0,,3902891,3902891,0.95
INV-H5-000325,0,,3864194,3864194,0.95
INV-H5-000326,0,,1433261,1433261,0.95
INV-H5-000327,0,,2083022,2083022,0.95
INV-H5-000328,0,,1990887,1990887,0.95
INV-H5-000329,0,,794948,794948,0.95
INV-H5-000330,0,,2322164,2322164,0.95
INV-H5-000331,0,,3538508,3538508,0.95
INV-H5-000332,0,,2932419,2932419,0.95
INV-H5-000333,0,,1878972,1878972,0.95
INV-H5-000334,0,,875016,875016,0.95
INV-H5-000335,0,,3652120,3652120,0.95
INV-H5-000336,0,,4947817,4947817,0.95
INV-H5-000337,0,,2988373,2988373,0.95
INV-H5-000338,0,,4327391,4327391,0.95
INV-H5-000339,0,,4928549,4928549,0.95
INV-H5-000340,0,,934866,934866,0.95
INV-H5-000341,0,,3555714,3555714,0.95
INV-H5-000342,0,,2884665,2884665,0.95
INV-H5-000343,1,service_date_after_invoice_date|exclusion_violation,4020840,4063434,0.75
INV-H5-000344,0,,539985,539985,0.95
INV-H5-000345,0,,4151303,4151303,0.95
INV-H5-000346,0,,2052053,2052053,0.95
INV-H5-000347,0,,4171139,4171139,0.95
INV-H5-000348,0,,5280703,5280703,0.95
INV-H5-000349,0,,4511786,4511786,0.95
INV-H5-000350,0,,1917209,1917209,0.95
INV-H5-000351,0,,1975300,1975300,0.95
INV-H5-000352,0,,1195677,1195677,0.95
INV-H5-000353,0,,772183,772183,0.95
INV-H5-000354,0,,4271681,4271681,0.95
INV-H5-000355,0,,1595954,1595954,0.95
INV-H5-000356,0,,4729496,4729496,0.95
INV-H5-000357,0,,3083636,3083636,0.95
INV-H5-000358,1,service_date_out_of_window|service_date_after_invoice_date|unit_price_mismatch|unknown_service,4868748,4844844,0.35
INV-H5-000359,0,,2329645,2329645,0.95
INV-H5-000360,0,,2446298,2446298,0.95
INV-H5-000361,0,,2865698,2865698,0.95
INV-H5-000362,0,,5358295,5358295,0.95
INV-H5-000364,0,,5003739,5003739,0.95
INV-H5-000365,0,,3035743,3035743,0.95
INV-H5-000366,0,,3151156,3151156,0.95
INV-H5-000367,0,,2892582,2892582,0.95
INV-H5-000368,0,,1677795,1677795,0.95
INV-H5-000369,0,,2498398,2498398,0.95
INV-H5-000370,0,,1113454,1113454,0.95
INV-H5-000371,0,,3784173,3784173,0.95
INV-H5-000372,0,,1813808,1813808,0.95
INV-H5-000373,0,,3442762,3442762,0.95
INV-H5-000374,1,service_date_out_of_window|volume_discount_omitted,1736363,1758016,0.75
INV-H5-000375,1,wrong_unit_basis|facility_multiplier_misapplied|duplicate_invoice_id,2692253,2696113,0.55
INV-H5-000376,0,,638188,638188,0.95
INV-H5-000377,0,,2943896,2943896,0.95
INV-H5-000378,0,,1324122,1324122,0.95
INV-H5-000379,0,,4033858,4033858,0.95
INV-H5-000380,0,,3549681,3549681,0.95
INV-H5-000381,0,,1900441,1900441,0.95
INV-H5-000382,0,,2598821,2598821,0.95
INV-H5-000383,0,,2147363,2147363,0.95
INV-H5-000384,0,,2137955,2137955,0.95
INV-H5-000385,0,,3092311,3092311,0.95
INV-H5-000386,0,,1348868,1348868,0.95
INV-H5-000387,0,,598952,598952,0.95
INV-H5-000388,1,malformed_service_date|service_date_after_invoice_date|facility_multiplier_misapplied,3880992,3876375,0.55
INV-H5-000389,0,,1503259,1503259,0.95
INV-H5-000390,0,,1587465,1587465,0.95
INV-H5-000391,0,,1656621,1656621,0.95
INV-H5-000392,0,,1415709,1415709,0.95
INV-H5-000393,0,,2915305,2915305,0.95
INV-H5-000394,0,,3998209,3998209,0.95
INV-H5-000395,0,,3365482,3365482,0.95
INV-H5-000396,0,,2695206,2695206,0.95
INV-H5-000397,0,,3038410,3038410,0.95
INV-H5-000398,0,,3650033,3650033,0.95
INV-H5-000399,0,,1423387,1423387,0.95
INV-H5-000400,0,,2192481,2192481,0.95
INV-H5-000401,0,,2009580,2009580,0.95
INV-H5-000402,0,,3606411,3606411,0.95
INV-H5-000403,0,,549491,549491,0.95
INV-H5-000404,1,service_date_after_invoice_date|premium_incorrectly_applied,3063222,3083025,0.75
INV-H5-000405,0,,1858506,1858506,0.95
INV-H5-000406,0,,1754690,1754690,0.95
INV-H5-000407,0,,3327671,3327671,0.95
INV-H5-000408,0,,1706598,1706598,0.95
INV-H5-000409,0,,3260932,3260932,0.95
INV-H5-000410,0,,1187959,1187959,0.95
INV-H5-000411,0,,3861937,3861937,0.95
INV-H5-000412,0,,2936836,2936836,0.95
INV-H5-000413,0,,2342129,2342129,0.95
INV-H5-000414,0,,973280,973280,0.95
INV-H5-000415,0,,2020731,2020731,0.95
INV-H5-000416,0,,1741622,1741622,0.95
INV-H5-000417,0,,3478865,3478865,0.95
INV-H5-000418,0,,3156769,3156769,0.95
INV-H5-000419,0,,5451849,5451849,0.95
INV-H5-000420,0,,3452118,3452118,0.95
INV-H5-000421,0,,2923542,2923542,0.95
INV-H5-000422,0,,1818018,1818018,0.95
INV-H5-000423,0,,2376651,2376651,0.95
INV-H5-000424,0,,3923083,3923083,0.95
INV-H5-000425,0,,2590621,2590621,0.95
INV-H5-000426,0,,1148017,1148017,0.95
INV-H5-000427,0,,4185106,4185106,0.95
INV-H5-000428,0,,3575074,3575074,0.95
INV-H5-000429,1,malformed_service_date|bundle_not_applied|unit_price_mismatch,2984741,3144051,0.55
INV-H5-000430,0,,2468285,2468285,0.95
INV-H5-000431,0,,1847740,1847740,0.95
INV-H5-000432,0,,1423759,1423759,0.95
INV-H5-000433,0,,1378438,1378438,0.95
INV-H5-000434,0,,1224708,1224708,0.95
INV-H5-000435,0,,3182849,3182849,0.95
INV-H5-000436,0,,3124293,3124293,0.95
INV-H5-000437,0,,2193462,2193462,0.95
INV-H5-000438,0,,6536745,6536745,0.95
INV-H5-000439,0,,4289088,4289088,0.95
INV-H5-000440,0,,3082893,3082893,0.95
INV-H5-000441,0,,5312398,5312398,0.95
INV-H5-000442,0,,1468090,1468090,0.95
INV-H5-000443,0,,3416774,3416774,0.95
INV-H5-000444,0,,3449162,3449162,0.95
INV-H5-000445,0,,3186395,3186395,0.95
INV-H5-000446,0,,3707535,3707535,0.95
INV-H5-000447,0,,2680063,2680063,0.95
INV-H5-000448,1,facility_multiplier_misapplied,4381255,4382042,0.8
INV-H5-000449,0,,945432,945432,0.95
INV-H5-000450,0,,3034681,3034681,0.95
INV-H5-000451,0,,4866518,4866518,0.95
INV-H5-000452,0,,761027,761027,0.95
INV-H5-000453,0,,3086762,3086762,0.95
INV-H5-000454,0,,2336688,2336688,0.95
INV-H5-000455,0,,2636163,2636163,0.95
INV-H5-000456,0,,1996640,1996640,0.95
INV-H5-000457,0,,4014363,4014363,0.95
INV-H5-000458,0,,2050198,2050198,0.95
INV-H5-000459,0,,929383,929383,0.95
INV-H5-000460,0,,2922530,2922530,0.95
INV-H5-000461,0,,1241642,1241642,0.95
INV-H5-000462,0,,4367829,4367829,0.95
INV-H5-000463,0,,2680893,2680893,0.95
INV-H5-000464,1,unit_price_mismatch|weekend_uplift_incorrectly_applied|facility_multiplier_misapplied,2165415,2358301,0.75
INV-H5-000465,0,,1735876,1735876,0.95
INV-H5-000466,0,,4073350,4073350,0.95
INV-H5-000467,0,,1822769,1822769,0.95
INV-H5-000468,0,,2334050,2334050,0.95
INV-H5-000469,0,,3440745,3440745,0.95
INV-H5-000470,0,,2367351,2367351,0.95
INV-H5-000471,0,,2992013,2992013,0.95
INV-H5-000472,0,,3238780,3238780,0.95
INV-H5-000473,0,,1685668,1685668,0.95
INV-H5-000474,0,,2909191,2909191,0.95
INV-H5-000475,0,,1074464,1074464,0.95
INV-H5-000476,0,,1109760,1109760,0.95
INV-H5-000477,0,,2007448,2007448,0.95
INV-H5-000478,0,,3256708,3256708,0.95
INV-H5-000479,0,,4005762,4005762,0.95
INV-H5-000480,0,,3566947,3566947,0.95
INV-H5-000481,0,,3633873,3633873,0.95
INV-H5-000482,0,,945245,945245,0.95
INV-H5-000483,0,,4173702,4173702,0.95
INV-H5-000484,1,unit_price_mismatch|volume_discount_omitted,1145971,1305451,0.75
INV-H5-000485,0,,4221828,4221828,0.95
INV-H5-000486,0,,6022833,6022833,0.95
INV-H5-000487,0,,3433738,3433738,0.95
INV-H5-000488,0,,1455221,1455221,0.95
INV-H5-000489,1,malformed_service_date|wrong_unit_basis|weekend_uplift_incorrectly_applied,674670,688830,0.55
INV-H5-000490,0,,4446598,4446598,0.95
INV-H5-000491,0,,911621,911621,0.95
INV-H5-000492,1,service_date_after_invoice_date|facility_multiplier_misapplied,4235160,4256473,0.75
INV-H5-000493,0,,5104874,5104874,0.95
INV-H5-000494,0,,3074023,3074023,0.95
INV-H5-000495,0,,3117493,3117493,0.95
INV-H5-000496,0,,2879922,2879922,0.95
INV-H5-000497,0,,2455916,2455916,0.95
INV-H5-000498,0,,3700163,3700163,0.95
INV-H5-000499,0,,598841,598841,0.95
INV-H5-000500,0,,2632901,2632901,0.95
INV-H5-000501,0,,1513602,1513602,0.95
INV-H5-000502,0,,2572580,2572580,0.95
INV-H5-000503,0,,1457770,1457770,0.95
INV-H5-000504,0,,2419719,2419719,0.95
INV-H5-000505,0,,1570501,1570501,0.95
INV-H5-000506,0,,3050833,3050833,0.95
INV-H5-000507,0,,1851981,1851981,0.95
INV-H5-000508,0,,1470692,1470692,0.95
INV-H5-000509,0,,2703277,2703277,0.95
INV-H5-000510,0,,3551089,3551089,0.95
INV-H5-000511,0,,1628661,1628661,0.95
INV-H5-000512,0,,2568341,2568341,0.95
INV-H5-000513,0,,3041283,3041283,0.95
INV-H5-000514,0,,3544922,3544922,0.95
INV-H5-000515,0,,1577341,1577341,0.95
INV-H5-000516,0,,4353279,4353279,0.95
INV-H5-000517,0,,2245747,2245747,0.95
INV-H5-000518,0,,1367901,1367901,0.95
INV-H5-000519,0,,2278061,2278061,0.95
INV-H5-000520,1,exclusion_violation|facility_multiplier_misapplied,731409,914819,0.75
INV-H5-000521,0,,4705100,4705100,0.95
INV-H5-000522,0,,2187399,2187399,0.95
INV-H5-000523,0,,2610276,2610276,0.95
INV-H5-000524,0,,2482144,2482144,0.95
INV-H5-000525,0,,2862739,2862739,0.95
INV-H5-000526,0,,2350463,2350463,0.95
INV-H5-000527,0,,899793,899793,0.95
INV-H5-000528,0,,2608040,2608040,0.95
INV-H5-000529,0,,2529372,2529372,0.95
INV-H5-000530,0,,2127626,2127626,0.95
INV-H5-000531,0,,4205716,4205716,0.95
INV-H5-000532,0,,1643101,1643101,0.95
INV-H5-000533,0,,1538575,1538575,0.95
INV-H5-000534,0,,5819338,5819338,0.95
INV-H5-000535,0,,3226799,3226799,0.95
INV-H5-000536,0,,2500535,2500535,0.95
INV-H5-000537,0,,1674454,1674454,0.95
INV-H5-000538,0,,4592044,4592044,0.95
INV-H5-000539,1,wrong_unit_basis|cross_invoice_duplicate|weekend_uplift_omitted,5154021,5191731,0.75
INV-H5-000540,0,,889650,889650,0.95
INV-H5-000541,0,,1988320,1988320,0.95
INV-H5-000542,0,,1712943,1712943,0.95
INV-H5-000543,1,wrong_unit_basis,1342323,1342323,0.9
INV-H5-000544,0,,2022208,2022208,0.95
INV-H5-000545,0,,3459336,3459336,0.95
INV-H5-000546,0,,1605164,1605164,0.95
INV-H5-000547,0,,3531198,3531198,0.95
INV-H5-000548,0,,3456905,3456905,0.95
INV-H5-000549,0,,1257831,1257831,0.95
INV-H5-000550,0,,5031102,5031102,0.95
INV-H5-000551,1,unit_price_mismatch|plan_tier_multiplier_misapplied,3518577,3708098,0.75
INV-H5-000552,0,,1333754,1333754,0.95
INV-H5-000553,0,,1913374,1913374,0.95
INV-H5-000554,0,,3434282,3434282,0.95
INV-H5-000555,0,,1876770,1876770,0.95
INV-H5-000556,0,,3188535,3188535,0.95
INV-H5-000557,0,,2940365,2940365,0.95
INV-H5-000558,0,,869563,869563,0.95
INV-H5-000559,0,,3932186,3932186,0.95
INV-H5-000560,0,,723751,723751,0.95
INV-H5-000561,0,,3029462,3029462,0.95
INV-H5-000562,0,,4192131,4192131,0.95
INV-H5-000563,0,,2658546,2658546,0.95
INV-H5-000564,0,,1103541,1103541,0.95
INV-H5-000565,0,,2172269,2172269,0.95
INV-H5-000566,0,,942798,942798,0.95
INV-H5-000567,0,,2152638,2152638,0.95
INV-H5-000568,0,,2250229,2250229,0.95
INV-H5-000569,0,,7023280,7023280,0.95
INV-H5-000570,0,,3899232,3899232,0.95
INV-H5-000571,0,,906632,906632,0.95
INV-H5-000572,0,,4563454,4563454,0.95
INV-H5-000573,0,,1534116,1534116,0.95
INV-H5-000574,1,service_date_out_of_window|wrong_unit_basis|unit_price_mismatch,5387688,5517874,0.75
INV-H5-000575,1,invoice_total_mismatch,1067381,1167381,0.9
INV-H5-000576,0,,1995013,1995013,0.95
INV-H5-000577,0,,3045963,3045963,0.95
INV-H5-000578,0,,3099289,3099289,0.95
INV-H5-000579,0,,999372,999372,0.95
INV-H5-000580,0,,5763303,5763303,0.95
INV-H5-000581,0,,4983046,4983046,0.95
INV-H5-000582,0,,2427167,2427167,0.95
INV-H5-000583,0,,997973,997973,0.95
INV-H5-000584,0,,3776180,3776180,0.95
INV-H5-000585,0,,2182615,2182615,0.95
INV-H5-000586,0,,2736015,2736015,0.95
INV-H5-000587,0,,3647489,3647489,0.95
INV-H5-000588,0,,858942,858942,0.95
INV-H5-000589,0,,1150933,1150933,0.95
INV-H5-000590,0,,2502225,2502225,0.95
INV-H5-000591,0,,1780442,1780442,0.95
INV-H5-000592,0,,3714402,3714402,0.95
INV-H5-000593,0,,1971033,1971033,0.95
INV-H5-000594,0,,420930,420930,0.95
INV-H5-000595,0,,921110,921110,0.95
INV-H5-000596,0,,1411552,1411552,0.95
INV-H5-000597,0,,5375354,5375354,0.95
INV-H5-000598,0,,2297893,2297893,0.95
INV-H5-000599,0,,4710156,4710156,0.95
INV-H5-000600,0,,2256241,2256241,0.95
INV-H5-000601,0,,979801,979801,0.95
INV-H5-000602,0,,6125563,6125563,0.95
INV-H5-000603,1,wrong_unit_basis|unit_price_mismatch,3512983,3495789,0.75
INV-H5-000604,0,,1168222,1168222,0.95
INV-H5-000605,0,,2705558,2705558,0.95
INV-H5-000606,0,,1717772,1717772,0.95
INV-H5-000607,0,,4751967,4751967,0.95
INV-H5-000608,0,,3039543,3039543,0.95
INV-H5-000609,0,,2362109,2362109,0.95
INV-H5-000610,0,,2557661,2557661,0.95
INV-H5-000611,0,,2024008,2024008,0.95
INV-H5-000612,0,,1089539,1089539,0.95
INV-H5-000613,0,,3850896,3850896,0.95
INV-H5-000614,0,,1017381,1017381,0.95
INV-H5-000615,1,unit_price_mismatch,1674751,1726957,0.8
INV-H5-000616,0,,3286614,3286614,0.95
INV-H5-000617,0,,2792147,2792147,0.95
INV-H5-000618,0,,1202960,1202960,0.95
INV-H5-000619,0,,3213857,3213857,0.95
INV-H5-000620,0,,6847291,6847291,0.95
INV-H5-000621,0,,5603334,5603334,0.95
INV-H5-000622,0,,3481987,3481987,0.95
INV-H5-000623,0,,3728292,3728292,0.95
INV-H5-000624,0,,5528868,5528868,0.95
INV-H5-000625,0,,2278445,2278445,0.95
INV-H5-000626,0,,2889111,2889111,0.95
INV-H5-000627,0,,3647968,3647968,0.95
INV-H5-000628,0,,3077117,3077117,0.95
INV-H5-000629,1,service_date_out_of_window|service_date_after_invoice_date|line_total_arithmetic,3571311,3596311,0.75
INV-H5-000630,0,,3025497,3025497,0.95
INV-H5-000631,0,,1544323,1544323,0.95
INV-H5-000632,0,,3170772,3170772,0.95
INV-H5-000633,0,,1375413,1375413,0.95
INV-H5-000634,0,,1129583,1129583,0.95
INV-H5-000635,0,,4600721,4600721,0.95
INV-H5-000636,0,,1615307,1615307,0.95
INV-H5-000637,0,,1319879,1319879,0.95
INV-H5-000638,0,,780437,780437,0.95
INV-H5-000639,0,,5602433,5602433,0.95
INV-H5-000640,0,,4143273,4143273,0.95
INV-H5-000641,0,,2452741,2452741,0.95
INV-H5-000642,0,,2686021,2686021,0.95
INV-H5-000643,0,,935341,935341,0.95
INV-H5-000644,0,,4207504,4207504,0.95
INV-H5-000645,0,,2439423,2439423,0.95
INV-H5-000646,0,,797825,797825,0.95
INV-H5-000647,0,,2569143,2569143,0.95
INV-H5-000648,0,,3996211,3996211,0.95
INV-H5-000649,0,,2156633,2156633,0.95
INV-H5-000651,0,,1122221,1122221,0.95
INV-H5-000652,0,,4256235,4256235,0.95
INV-H5-000653,0,,2987599,2987599,0.95
INV-H5-000654,0,,3017547,3017547,0.95
INV-H5-000655,0,,441786,441786,0.95
INV-H5-000656,0,,4704119,4704119,0.95
INV-H5-000657,0,,3026074,3026074,0.95
INV-H5-000658,0,,3424234,3424234,0.95
INV-H5-000659,0,,4167319,4167319,0.95
INV-H5-000660,0,,4607479,4607479,0.95
INV-H5-000661,0,,4567534,4567534,0.95
INV-H5-000662,0,,2911686,2911686,0.95
INV-H5-000663,0,,3452561,3452561,0.95
INV-H5-000664,0,,3475339,3475339,0.95
INV-H5-000665,0,,2386112,2386112,0.95
INV-H5-000666,0,,1068351,1068351,0.95
INV-H5-000667,0,,2287939,2287939,0.95
INV-H5-000668,0,,1192278,1192278,0.95
INV-H5-000669,0,,2121061,2121061,0.95
INV-H5-000670,0,,1463878,1463878,0.95
INV-H5-000671,0,,2959062,2959062,0.95
INV-H5-000672,0,,1374286,1374286,0.95
INV-H5-000673,0,,4505316,4505316,0.95
INV-H5-000674,0,,4042207,4042207,0.95
INV-H5-000675,0,,3275579,3275579,0.95
INV-H5-000676,0,,5671487,5671487,0.95
INV-H5-000677,0,,4755445,4755445,0.95
INV-H5-000678,0,,3458106,3458106,0.95
INV-H5-000679,0,,871701,871701,0.95
INV-H5-000680,1,service_date_after_invoice_date|weekend_uplift_incorrectly_applied,5941719,6010657,0.75
INV-H5-000681,0,,2544026,2544026,0.95
INV-H5-000682,0,,4382733,4382733,0.95
INV-H5-000683,0,,4967450,4967450,0.95
INV-H5-000684,0,,4175495,4175495,0.95
INV-H5-000685,0,,2793436,2793436,0.95
INV-H5-000686,0,,2287616,2287616,0.95
INV-H5-000687,0,,3121667,3121667,0.95
INV-H5-000688,0,,2362572,2362572,0.95
INV-H5-000689,0,,3521008,3521008,0.95
INV-H5-000690,0,,4146073,4146073,0.95
INV-H5-000691,0,,2280369,2280369,0.95
INV-H5-000692,0,,739924,739924,0.95
INV-H5-000693,0,,3031724,3031724,0.95
INV-H5-000694,0,,5118910,5118910,0.95
INV-H5-000695,0,,951175,951175,0.95
INV-H5-000696,0,,443289,443289,0.95
INV-H5-000697,0,,3326538,3326538,0.95
INV-H5-000698,0,,2764318,2764318,0.95
INV-H5-000699,0,,1965404,1965404,0.95
INV-H5-000700,0,,3707563,3707563,0.95
INV-H5-000701,0,,3626931,3626931,0.95
INV-H5-000702,0,,1859589,1859589,0.95
INV-H5-000703,0,,3173652,3173652,0.95
INV-H5-000704,0,,1526203,1526203,0.95
INV-H5-000705,0,,1978038,1978038,0.95
INV-H5-000706,0,,1836000,1836000,0.95
INV-H5-000707,0,,1354487,1354487,0.95
INV-H5-000708,0,,2051938,2051938,0.95
INV-H5-000709,0,,4153935,4153935,0.95
INV-H5-000710,0,,1388508,1388508,0.95
INV-H5-000711,0,,4984521,4984521,0.95
INV-H5-000712,0,,2986152,2986152,0.95
INV-H5-000713,0,,913625,913625,0.95
INV-H5-000714,0,,809557,809557,0.95
INV-H5-000715,0,,7252548,7252548,0.95
INV-H5-000716,0,,1943044,1943044,0.95
INV-H5-000717,0,,6000607,6000607,0.95
INV-H5-000718,0,,2555240,2555240,0.95
INV-H5-000719,0,,3060918,3060918,0.95
INV-H5-000720,0,,6213572,6213572,0.95
INV-H5-000721,0,,4148962,4148962,0.95
INV-H5-000722,0,,1827885,1827885,0.95
INV-H5-000723,0,,1416098,1416098,0.95
INV-H5-000724,0,,2813464,2813464,0.95
INV-H5-000725,0,,4234755,4234755,0.95
INV-H5-000726,1,daily_cap_exceeded,4314277,4333302,0.9
INV-H5-000727,0,,2326874,2326874,0.95
INV-H5-000728,0,,2103207,2103207,0.95
INV-H5-000729,0,,1539227,1539227,0.95
INV-H5-000730,0,,3975905,3975905,0.95
INV-H5-000731,0,,4644014,4644014,0.95
INV-H5-000732,0,,3509492,3509492,0.95
INV-H5-000733,0,,2697217,2697217,0.95
INV-H5-000734,0,,831599,831599,0.95
INV-H5-000735,0,,3490346,3490346,0.95
INV-H5-000736,0,,2427234,2427234,0.95
INV-H5-000737,0,,3758182,3758182,0.95
INV-H5-000738,0,,4643585,4643585,0.95
INV-H5-000739,0,,2200716,2200716,0.95
INV-H5-000740,0,,4658729,4658729,0.95
INV-H5-000741,0,,4436600,4436600,0.95
INV-H5-000742,0,,3877200,3877200,0.95
INV-H5-000743,0,,4139044,4139044,0.95
INV-H5-000744,0,,1888052,1888052,0.95
INV-H5-000745,0,,915730,915730,0.95
INV-H5-000746,1,plan_tier_multiplier_misapplied,1454566,1518806,0.8
INV-H5-000747,0,,3892637,3892637,0.95
INV-H5-000748,0,,1784699,1784699,0.95
INV-H5-000749,1,daily_cap_exceeded|unknown_service,1824859,1840074,0.35
INV-H5-000750,0,,916379,916379,0.95
INV-H5-000751,1,malformed_service_date|daily_cap_exceeded,2425981,2434281,0.55
INV-H5-000752,1,exclusion_violation|premium_omitted|facility_multiplier_misapplied,3457194,3515920,0.75
INV-H5-000753,0,,5223986,5223986,0.95
INV-H5-000754,0,,686754,686754,0.95
INV-H5-000755,0,,4521391,4521391,0.95
INV-H5-000756,0,,3690315,3690315,0.95
INV-H5-000757,0,,3684465,3684465,0.95
INV-H5-000758,0,,3052106,3052106,0.95
INV-H5-000759,1,cross_invoice_duplicate|unit_price_mismatch|premium_incorrectly_applied,4066798,4212186,0.75
INV-H5-000760,0,,1618163,1618163,0.95
INV-H5-000761,0,,3145400,3145400,0.95
INV-H5-000762,0,,3265070,3265070,0.95
INV-H5-000763,0,,4350122,4350122,0.95
INV-H5-000764,0,,3203151,3203151,0.95
INV-H5-000765,0,,1233208,1233208,0.95
INV-H5-000766,0,,3236206,3236206,0.95
INV-H5-000767,0,,2849557,2849557,0.95
INV-H5-000768,0,,4798940,4798940,0.95
INV-H5-000769,0,,2675819,2675819,0.95
INV-H5-000770,0,,1340803,1340803,0.95
INV-H5-000771,0,,4783261,4783261,0.95
INV-H5-000772,0,,2791902,2791902,0.95
INV-H5-000773,0,,1366953,1366953,0.95
INV-H5-000774,0,,416832,416832,0.95
INV-H5-000775,0,,1705032,1705032,0.95
INV-H5-000776,0,,1809975,1809975,0.95
INV-H5-000777,0,,3286660,3286660,0.95
INV-H5-000778,0,,3267335,3267335,0.95
INV-H5-000779,0,,2261941,2261941,0.95
INV-H5-000780,0,,4160331,4160331,0.95
INV-H5-000781,0,,1036414,1036414,0.95
INV-H5-000782,0,,4194409,4194409,0.95
INV-H5-000783,0,,2487159,2487159,0.95
INV-H5-000784,0,,471266,471266,0.95
INV-H5-000785,0,,2995078,2995078,0.95
INV-H5-000786,0,,3887015,3887015,0.95
INV-H5-000787,1,unknown_service,4057705,4057705,0.35
INV-H5-000788,0,,4814493,4814493,0.95
INV-H5-000789,0,,2688188,2688188,0.95
INV-H5-000790,0,,2222551,2222551,0.95
INV-H5-000791,0,,2409561,2409561,0.95
INV-H5-000792,0,,4177525,4177525,0.95
INV-H5-000793,0,,4412134,4412134,0.95
INV-H5-000794,0,,2176531,2176531,0.95
INV-H5-000795,0,,4861790,4861790,0.95
INV-H5-000796,0,,1614519,1614519,0.95
INV-H5-000797,0,,1157947,1157947,0.95
INV-H5-000798,0,,5387029,5387029,0.95
INV-H5-000799,1,service_date_out_of_window|service_date_after_invoice_date|wrong_unit_basis|contract_number_mismatch,2145842,2145842,0.75
INV-H5-000800,0,,2358586,2358586,0.95
INV-H5-000801,0,,3032292,3032292,0.95
INV-H5-000802,0,,3372021,3372021,0.95
INV-H5-000803,0,,4670245,4670245,0.95
INV-H5-000804,0,,3333692,3333692,0.95
INV-H5-000805,0,,1853407,1853407,0.95
INV-H5-000806,0,,2996292,2996292,0.95
INV-H5-000807,0,,2777236,2777236,0.95
INV-H5-000808,0,,2982195,2982195,0.95
INV-H5-000809,0,,3709085,3709085,0.95
INV-H5-000810,0,,4619371,4619371,0.95
INV-H5-000811,0,,862226,862226,0.95
INV-H5-000812,0,,5661710,5661710,0.95
INV-H5-000813,0,,920502,920502,0.95
INV-H5-000814,0,,4875115,4875115,0.95
INV-H5-000815,0,,3112760,3112760,0.95
INV-H5-000816,0,,3037479,3037479,0.95
INV-H5-000817,0,,1317130,1317130,0.95
INV-H5-000818,0,,3041310,3041310,0.95
INV-H5-000819,0,,2942213,2942213,0.95
INV-H5-000820,0,,5225499,5225499,0.95
INV-H5-000821,0,,4293734,4293734,0.95
INV-H5-000822,0,,3149569,3149569,0.95
INV-H5-000823,0,,4178286,4178286,0.95
INV-H5-000824,0,,1147453,1147453,0.95
INV-H5-000825,0,,3713730,3713730,0.95
INV-H5-000826,0,,4191918,4191918,0.95
INV-H5-000827,0,,3234976,3234976,0.95
INV-H5-000828,0,,1586272,1586272,0.95
INV-H5-000830,0,,4093137,4093137,0.95
INV-H5-000831,0,,6376818,6376818,0.95
INV-H5-000832,0,,3973709,3973709,0.95
INV-H5-000833,0,,6386571,6386571,0.95
INV-H5-000834,0,,3231790,3231790,0.95
INV-H5-000835,0,,4006959,4006959,0.95
INV-H5-000836,0,,1111946,1111946,0.95
INV-H5-000837,0,,2314751,2314751,0.95
INV-H5-000838,0,,2103005,2103005,0.95
INV-H5-000839,0,,5260553,5260553,0.95
INV-H5-000840,0,,1959097,1959097,0.95
INV-H5-000841,0,,5653085,5653085,0.95
INV-H5-000842,0,,1031218,1031218,0.95
INV-H5-000843,1,facility_multiplier_misapplied,3058433,2994881,0.8
INV-H5-000844,0,,1957490,1957490,0.95
INV-H5-000845,0,,3740476,3740476,0.95
INV-H5-000846,0,,3319061,3319061,0.95
INV-H5-000847,0,,2939617,2939617,0.95
INV-H5-000848,0,,1596145,1596145,0.95
INV-H5-000849,0,,4974630,4974630,0.95
INV-H5-000850,1,daily_cap_exceeded,4898641,4902057,0.9
INV-H5-000851,0,,2532921,2532921,0.95
INV-H5-000852,0,,6191609,6191609,0.95
INV-H5-000853,0,,2601163,2601163,0.95
INV-H5-000854,0,,2796569,2796569,0.95
INV-H5-000855,0,,3237849,3237849,0.95
INV-H5-000856,0,,2267767,2267767,0.95
INV-H5-000857,0,,5738100,5738100,0.95
INV-H5-000858,0,,1688007,1688007,0.95
INV-H5-000859,0,,5704610,5704610,0.95
INV-H5-000860,0,,2106262,2106262,0.95
INV-H5-000861,0,,2993863,2993863,0.95
INV-H5-000862,0,,2519370,2519370,0.95
INV-H5-000863,0,,962485,962485,0.95
INV-H5-000864,0,,4621621,4621621,0.95
INV-H5-000865,0,,2002670,2002670,0.95
INV-H5-000866,0,,2379332,2379332,0.95
INV-H5-000867,0,,3661673,3661673,0.95
INV-H5-000868,0,,2546865,2546865,0.95
INV-H5-000869,0,,1913028,1913028,0.95
INV-H5-000870,0,,1492257,1492257,0.95
INV-H5-000871,0,,2198231,2198231,0.95
INV-H5-000872,0,,1664133,1664133,0.95
INV-H5-000873,0,,4097350,4097350,0.95
INV-H5-000874,0,,2026860,2026860,0.95
INV-H5-000875,0,,3568347,3568347,0.95
INV-H5-000876,0,,1606449,1606449,0.95
INV-H5-000877,0,,1574894,1574894,0.95
INV-H5-000878,0,,3285870,3285870,0.95
INV-H5-000879,0,,1268035,1268035,0.95
INV-H5-000880,0,,625570,625570,0.95
INV-H5-000881,0,,1217530,1217530,0.95
INV-H5-000882,0,,3130100,3130100,0.95
INV-H5-000883,0,,4556048,4556048,0.95
INV-H5-000884,0,,1034433,1034433,0.95
INV-H5-000885,0,,3052669,3052669,0.95
INV-H5-000886,0,,2194566,2194566,0.95
INV-H5-000887,0,,981226,981226,0.95
INV-H5-000888,0,,2813104,2813104,0.95
INV-H5-000889,0,,1640226,1640226,0.95
INV-H5-000890,0,,2905929,2905929,0.95
INV-H5-000891,0,,5669568,5669568,0.95
INV-H5-000892,0,,3673701,3673701,0.95
INV-H5-000893,0,,2050277,2050277,0.95
INV-H5-000894,0,,2477796,2477796,0.95
INV-H5-000895,0,,1575522,1575522,0.95
INV-H5-000896,0,,2720760,2720760,0.95
INV-H5-000897,1,wrong_unit_basis|unit_price_mismatch,3774720,4233827,0.75
INV-H5-000898,0,,2612536,2612536,0.95
INV-H5-000899,0,,1456808,1456808,0.95
INV-H5-000900,0,,1152205,1152205,0.95
INV-H5-000901,0,,3601565,3601565,0.95
INV-H5-000902,0,,1581158,1581158,0.95
INV-H5-000903,0,,5071274,5071274,0.95
INV-H5-000904,0,,3407777,3407777,0.95
INV-H5-000905,0,,3741442,3741442,0.95
INV-H5-000906,0,,2881655,2881655,0.95
INV-H5-000907,1,line_total_arithmetic,1511081,1536081,0.9
INV-H5-000909,0,,5441512,5441512,0.95
INV-H5-000910,0,,4163409,4163409,0.95
INV-H5-000911,0,,2967408,2967408,0.95
INV-H5-000912,0,,2405012,2405012,0.95
INV-H5-000913,0,,1289242,1289242,0.95
INV-H5-000914,0,,1995034,1995034,0.95
INV-H5-000915,0,,3381685,3381685,0.95
INV-H5-000916,0,,5418244,5418244,0.95
INV-H5-000917,0,,8897803,8897803,0.95
INV-H5-000918,0,,4114271,4114271,0.95
INV-H5-000919,0,,666083,666083,0.95
INV-H5-000920,0,,4068735,4068735,0.95
INV-H5-000921,0,,3000249,3000249,0.95
INV-H5-000922,0,,786195,786195,0.95
INV-H5-000923,0,,2279905,2279905,0.95
INV-H5-000924,0,,1196647,1196647,0.95
INV-H5-000925,0,,2973439,2973439,0.95
INV-H5-000926,0,,1952954,1952954,0.95
INV-H5-000927,0,,4866592,4866592,0.95
INV-H5-000928,0,,1748166,1748166,0.95
INV-H5-000929,0,,1644078,1644078,0.95
INV-H5-000930,0,,2222681,2222681,0.95
INV-H5-000931,0,,2722883,2722883,0.95
INV-H5-000932,0,,1355311,1355311,0.95
INV-H5-000933,0,,3206745,3206745,0.95
INV-H5-000934,0,,2326305,2326305,0.95
INV-H5-000935,0,,4576964,4576964,0.95
INV-H5-000936,0,,1313868,1313868,0.95
INV-H5-000937,0,,6515306,6515306,0.95
INV-H5-000938,0,,2774726,2774726,0.95
INV-H5-000939,0,,3525865,3525865,0.95
INV-H5-000940,0,,4135982,4135982,0.95
INV-H5-000941,0,,2653154,2653154,0.95
INV-H5-000942,0,,5374484,5374484,0.95
INV-H5-000943,0,,3304292,3304292,0.95
INV-H5-000944,0,,3745500,3745500,0.95
INV-H5-000945,0,,3769040,3769040,0.95
INV-H5-000946,0,,3367191,3367191,0.95
INV-H5-000947,0,,4197747,4197747,0.95
INV-H5-000948,0,,850714,850714,0.95
INV-H5-000949,0,,1776906,1776906,0.95
INV-H5-000950,0,,4185066,4185066,0.95
INV-H5-000951,0,,1733711,1733711,0.95
INV-H5-000952,0,,2478862,2478862,0.95
INV-H5-000953,0,,3381670,3381670,0.95
INV-H5-000954,0,,2998126,2998126,0.95
INV-H5-000955,0,,2933020,2933020,0.95
INV-H5-000956,0,,1224306,1224306,0.95
INV-H5-000957,0,,2222390,2222390,0.95
INV-H5-000958,0,,3426845,3426845,0.95
INV-H5-000959,0,,1820777,1820777,0.95
INV-H5-000960,0,,5232678,5232678,0.95
INV-H5-000961,0,,1818870,1818870,0.95
INV-H5-000962,0,,2428061,2428061,0.95
INV-H5-000963,0,,2320851,2320851,0.95
INV-H5-000964,1,unit_price_mismatch,2234553,2256912,0.8
INV-H5-000965,0,,5158385,5158385,0.95
INV-H5-000966,0,,2912832,2912832,0.95
INV-H5-000967,0,,4968113,4968113,0.95
INV-H5-000968,0,,2498012,2498012,0.95
INV-H5-000969,1,unit_price_mismatch|contract_number_mismatch|unknown_service,961727,1082586,0.35
INV-H5-000970,0,,1259941,1259941,0.95
INV-H5-000971,0,,2484210,2484210,0.95
INV-H5-000972,0,,2514995,2514995,0.95
INV-H5-000973,0,,2608248,2608248,0.95
INV-H5-000974,0,,694010,694010,0.95
INV-H5-000975,0,,3391520,3391520,0.95
INV-H5-000976,0,,2126336,2126336,0.95
INV-H5-000977,0,,586933,586933,0.95
INV-H5-000978,0,,3182051,3182051,0.95
INV-H5-000979,1,service_date_out_of_window,7668100,7668100,0.9
INV-H5-000980,0,,2661095,2661095,0.95
INV-H5-000981,0,,1909714,1909714,0.95
INV-H5-000982,0,,5824479,5824479,0.95
INV-H5-000983,0,,3233250,3233250,0.95
INV-H5-000984,0,,1751224,1751224,0.95
INV-H5-000985,0,,2148190,2148190,0.95
INV-H5-000986,0,,2455807,2455807,0.95
INV-H5-000987,0,,1939527,1939527,0.95
INV-H5-000988,0,,2059772,2059772,0.95
INV-H5-000989,0,,2776706,2776706,0.95
INV-H5-000990,0,,1843625,1843625,0.95
INV-H5-000991,0,,5002155,5002155,0.95
INV-H5-000992,0,,2800797,2800797,0.95
INV-H5-000993,0,,1363419,1363419,0.95
INV-H5-000994,1,premium_omitted,1553055,1528515,0.9
INV-H5-000995,0,,4439461,4439461,0.95
INV-H5-000996,0,,1604635,1604635,0.95
INV-H5-000997,1,cross_invoice_duplicate,3822708,4176333,0.9
INV-H5-000998,0,,3435037,3435037,0.95
INV-H5-000999,0,,429292,429292,0.95
INV-H5-001000,0,,3543284,3543284,0.95
INV-H5-001001,0,,741312,741312,0.95
INV-H5-001002,0,,4031897,4031897,0.95
INV-H5-001003,0,,2226123,2226123,0.95
INV-H5-001004,0,,636645,636645,0.95
INV-H5-001005,0,,2318348,2318348,0.95
INV-H5-001006,0,,510527,510527,0.95
INV-H5-001007,0,,7584289,7584289,0.95
INV-H5-001008,0,,2202566,2202566,0.95
INV-H5-001009,0,,2735156,2735156,0.95
INV-H5-001010,0,,3436810,3436810,0.95
INV-H5-001011,0,,3849659,3849659,0.95
INV-H5-001012,0,,1171431,1171431,0.95
INV-H5-001013,0,,3381343,3381343,0.95
INV-H5-001014,1,service_date_after_invoice_date,1777417,1777417,0.9
INV-H5-001015,0,,2648986,2648986,0.95
INV-H5-001016,0,,3158184,3158184,0.95
INV-H5-001017,0,,2990475,2990475,0.95
INV-H5-001018,0,,2806989,2806989,0.95
INV-H5-001019,0,,1774460,1774460,0.95
INV-H5-001020,0,,1359899,1359899,0.95
INV-H5-001021,0,,1418056,1418056,0.95
INV-H5-001022,0,,4492340,4492340,0.95
INV-H5-001023,0,,4145799,4145799,0.95
INV-H5-001024,1,daily_cap_exceeded,2275991,2990817,0.9
INV-H5-001025,0,,2191360,2191360,0.95
INV-H5-001026,0,,1854508,1854508,0.95
INV-H5-001027,0,,3103378,3103378,0.95
INV-H5-001028,0,,2167015,2167015,0.95
INV-H5-001029,0,,1326184,1326184,0.95
INV-H5-001030,0,,2445907,2445907,0.95
INV-H5-001031,0,,1546572,1546572,0.95
INV-H5-001032,0,,2785115,2785115,0.95
INV-H5-001033,0,,1825159,1825159,0.95
INV-H5-001034,0,,3166295,3166295,0.95
INV-H5-001035,0,,3506503,3506503,0.95
INV-H5-001036,0,,1255670,1255670,0.95
INV-H5-001037,0,,740235,740235,0.95
INV-H5-001038,0,,5420922,5420922,0.95
INV-H5-001039,0,,3109630,3109630,0.95
INV-H5-001040,0,,830679,830679,0.95
INV-H5-001041,0,,1744044,1744044,0.95
INV-H5-001042,0,,3501437,3501437,0.95
INV-H5-001043,0,,4740753,4740753,0.95
INV-H5-001044,0,,611603,611603,0.95
INV-H5-001045,1,volume_discount_omitted,1350139,1481689,0.9
INV-H5-001046,0,,1379695,1379695,0.95
INV-H5-001047,0,,2529492,2529492,0.95
INV-H5-001048,0,,2854497,2854497,0.95
INV-H5-001049,0,,2597006,2597006,0.95
INV-H5-001050,0,,1970667,1970667,0.95
INV-H5-001051,0,,3072819,3072819,0.95
INV-H5-001052,0,,3448607,3448607,0.95
INV-H5-001053,0,,1740470,1740470,0.95
INV-H5-001054,0,,2094051,2094051,0.95
INV-H5-001055,0,,2457815,2457815,0.95
INV-H5-001056,0,,1798050,1798050,0.95
INV-H5-001057,0,,4669721,4669721,0.95
